OID_,shape_id,route_id,route_short,route_long,route_type,agency_id,route_desc,route_url,route_color,route_text_color,route_type_text,RouteShapeName,route_color_RGB,route_text_color_RGB,Shape_Length
1,3010111,301,101,Oceanside - UTC/VA/UCSD,3,NCTD,,http://www.gonctd.com/breeze,008C9B,FFFFFF,Bus,3010111_301,"(0, 0, 153)","(255, 255, 255)",64299.02218533954
2,3010125,301,101,Oceanside - UTC/VA/UCSD,3,NCTD,,http://www.gonctd.com/breeze,008C9B,FFFFFF,Bus,3010125_301,"(0, 0, 153)","(255, 255, 255)",65023.90378196414
3,3010130,301,101,Oceanside - UTC/VA/UCSD,3,NCTD,,http://www.gonctd.com/breeze,008C9B,FFFFFF,Bus,3010130_301,"(0, 0, 153)","(255, 255, 255)",149486.9997100316
4,3010132,301,101,Oceanside - UTC/VA/UCSD,3,NCTD,,http://www.gonctd.com/breeze,008C9B,FFFFFF,Bus,3010132_301,"(0, 0, 153)","(255, 255, 255)",150331.57957236093
5,3020045,302,302,Oceanside - Vista via Vista Way,3,NCTD,,http://www.gonctd.com/breeze,008C9B,FFFFFF,Bus,3020045_302,"(0, 0, 153)","(255, 255, 255)",67816.31469592784
6,3020046,302,302,Oceanside - Vista via Vista Way,3,NCTD,,http://www.gonctd.com/breeze,008C9B,FFFFFF,Bus,3020046_302,"(0, 0, 153)","(255, 255, 255)",64863.87717124547
7,3030084,303,303,Oceanside - Vista via Mission Av,3,NCTD,,http://www.gonctd.com/breeze,008C9B,FFFFFF,Bus,3030084_303,"(0, 0, 153)","(255, 255, 255)",78044.14265760218
8,3030086,303,303,Oceanside - Vista via Mission Av,3,NCTD,,http://www.gonctd.com/breeze,008C9B,FFFFFF,Bus,3030086_303,"(0, 0, 153)","(255, 255, 255)",48039.07806097883
9,3030091,303,303,Oceanside - Vista via Mission Av,3,NCTD,,http://www.gonctd.com/breeze,008C9B,FFFFFF,Bus,3030091_303,"(0, 0, 153)","(255, 255, 255)",48091.741450610825
10,3030092,303,303,Oceanside - Vista via Mission Av,3,NCTD,,http://www.gonctd.com/breeze,008C9B,FFFFFF,Bus,3030092_303,"(0, 0, 153)","(255, 255, 255)",76061.69905419157
11,3040088,304,304,Encinitas - Palomar College,3,NCTD,,http://www.gonctd.com/breeze,008C9B,FFFFFF,Bus,3040088_304,"(0, 0, 153)","(255, 255, 255)",71597.77456193557
12,3040091,304,304,Encinitas - Palomar College,3,NCTD,,http://www.gonctd.com/breeze,008C9B,FFFFFF,Bus,3040091_304,"(0, 0, 153)","(255, 255, 255)",64237.179441636654
13,3040092,304,304,Encinitas - Palomar College,3,NCTD,,http://www.gonctd.com/breeze,008C9B,FFFFFF,Bus,3040092_304,"(0, 0, 153)","(255, 255, 255)",65213.873191541286
14,3040093,304,304,Encinitas - Palomar College,3,NCTD,,http://www.gonctd.com/breeze,008C9B,FFFFFF,Bus,3040093_304,"(0, 0, 153)","(255, 255, 255)",71616.29338649794
15,3050076,305,305,Vista - Escondido,3,NCTD,,http://www.gonctd.com/breeze,008C9B,FFFFFF,Bus,3050076_305,"(0, 0, 153)","(255, 255, 255)",65540.86774221911
16,3050077,305,305,Vista - Escondido,3,NCTD,,http://www.gonctd.com/breeze,008C9B,FFFFFF,Bus,3050077_305,"(0, 0, 153)","(255, 255, 255)",51381.222226582555
17,3050079,305,305,Vista - Escondido,3,NCTD,,http://www.gonctd.com/breeze,008C9B,FFFFFF,Bus,3050079_305,"(0, 0, 153)","(255, 255, 255)",66552.09539070414
18,3050080,305,305,Vista - Escondido,3,NCTD,,http://www.gonctd.com/breeze,008C9B,FFFFFF,Bus,3050080_305,"(0, 0, 153)","(255, 255, 255)",35831.22870961751
19,3060027,306,306,Vista - Fallbrook,3,NCTD,,http://www.gonctd.com/breeze,008C9B,FFFFFF,Bus,3060027_306,"(0, 0, 153)","(255, 255, 255)",12275.455139690548
20,3060033,306,306,Vista - Fallbrook,3,NCTD,,http://www.gonctd.com/breeze,008C9B,FFFFFF,Bus,3060033_306,"(0, 0, 153)","(255, 255, 255)",76389.03860771643
21,3060035,306,306,Vista - Fallbrook,3,NCTD,,http://www.gonctd.com/breeze,008C9B,FFFFFF,Bus,3060035_306,"(0, 0, 153)","(255, 255, 255)",81715.06927186856
22,3060036,306,306,Vista - Fallbrook,3,NCTD,,http://www.gonctd.com/breeze,008C9B,FFFFFF,Bus,3060036_306,"(0, 0, 153)","(255, 255, 255)",79987.90279682752
23,3060037,306,306,Vista - Fallbrook,3,NCTD,,http://www.gonctd.com/breeze,008C9B,FFFFFF,Bus,3060037_306,"(0, 0, 153)","(255, 255, 255)",78116.20508669596
24,3080067,308,308,Escondido - Solana Beach,3,NCTD,,http://www.gonctd.com/breeze,008C9B,FFFFFF,Bus,3080067_308,"(0, 0, 153)","(255, 255, 255)",100891.82344988133
25,3080068,308,308,Escondido - Solana Beach,3,NCTD,,http://www.gonctd.com/breeze,008C9B,FFFFFF,Bus,3080068_308,"(0, 0, 153)","(255, 255, 255)",99612.52142960226
26,3090174,309,309,Town Center North - Encinitas via ECR,3,NCTD,,http://www.gonctd.com/breeze,008C9B,FFFFFF,Bus,3090174_309,"(0, 0, 153)","(255, 255, 255)",129416.05053551008
27,3090176,309,309,Town Center North - Encinitas via ECR,3,NCTD,,http://www.gonctd.com/breeze,008C9B,FFFFFF,Bus,3090176_309,"(0, 0, 153)","(255, 255, 255)",136469.74666966568
28,3090177,309,309,Town Center North - Encinitas via ECR,3,NCTD,,http://www.gonctd.com/breeze,008C9B,FFFFFF,Bus,3090177_309,"(0, 0, 153)","(255, 255, 255)",131890.86069450164
29,3090178,309,309,Town Center North - Encinitas via ECR,3,NCTD,,http://www.gonctd.com/breeze,008C9B,FFFFFF,Bus,3090178_309,"(0, 0, 153)","(255, 255, 255)",138944.55674243628
30,3090179,309,309,Town Center North - Encinitas via ECR,3,NCTD,,http://www.gonctd.com/breeze,008C9B,FFFFFF,Bus,3090179_309,"(0, 0, 153)","(255, 255, 255)",131890.86069450164
31,3090180,309,309,Town Center North - Encinitas via ECR,3,NCTD,,http://www.gonctd.com/breeze,008C9B,FFFFFF,Bus,3090180_309,"(0, 0, 153)","(255, 255, 255)",129416.05053551008
32,3090181,309,309,Town Center North - Encinitas via ECR,3,NCTD,,http://www.gonctd.com/breeze,008C9B,FFFFFF,Bus,3090181_309,"(0, 0, 153)","(255, 255, 255)",138944.55674243628
33,3090182,309,309,Town Center North - Encinitas via ECR,3,NCTD,,http://www.gonctd.com/breeze,008C9B,FFFFFF,Bus,3090182_309,"(0, 0, 153)","(255, 255, 255)",136469.74666966568
34,3110046,311,311,East Oceanside,3,NCTD,,http://www.gonctd.com/breeze,008C9B,FFFFFF,Bus,3110046_311,"(0, 0, 153)","(255, 255, 255)",21917.136660392895
35,3110050,311,311,East Oceanside,3,NCTD,,http://www.gonctd.com/breeze,008C9B,FFFFFF,Bus,3110050_311,"(0, 0, 153)","(255, 255, 255)",62297.17437013502
36,3110051,311,311,East Oceanside,3,NCTD,,http://www.gonctd.com/breeze,008C9B,FFFFFF,Bus,3110051_311,"(0, 0, 153)","(255, 255, 255)",37637.44412306312
37,3110052,311,311,East Oceanside,3,NCTD,,http://www.gonctd.com/breeze,008C9B,FFFFFF,Bus,3110052_311,"(0, 0, 153)","(255, 255, 255)",67122.46162204313
38,3130042,313,313,Oceanside TC - Town Center North,3,NCTD,,http://www.gonctd.com/breeze,008C9B,FFFFFF,Bus,3130042_313,"(0, 0, 153)","(255, 255, 255)",55468.99540579816
39,3130043,313,313,Oceanside TC - Town Center North,3,NCTD,,http://www.gonctd.com/breeze,008C9B,FFFFFF,Bus,3130043_313,"(0, 0, 153)","(255, 255, 255)",53780.55626855786
40,3130044,313,313,Oceanside TC - Town Center North,3,NCTD,,http://www.gonctd.com/breeze,008C9B,FFFFFF,Bus,3130044_313,"(0, 0, 153)","(255, 255, 255)",24576.464922385352
41,3130045,313,313,Oceanside TC - Town Center North,3,NCTD,,http://www.gonctd.com/breeze,008C9B,FFFFFF,Bus,3130045_313,"(0, 0, 153)","(255, 255, 255)",26044.872006216017
42,3130046,313,313,Oceanside TC - Town Center North,3,NCTD,,http://www.gonctd.com/breeze,008C9B,FFFFFF,Bus,3130046_313,"(0, 0, 153)","(255, 255, 255)",58247.36222958414
43,3130047,313,313,Oceanside TC - Town Center North,3,NCTD,,http://www.gonctd.com/breeze,008C9B,FFFFFF,Bus,3130047_313,"(0, 0, 153)","(255, 255, 255)",56529.96762356657
44,3130048,313,313,Oceanside TC - Town Center North,3,NCTD,,http://www.gonctd.com/breeze,008C9B,FFFFFF,Bus,3130048_313,"(0, 0, 153)","(255, 255, 255)",27325.876277394047
45,3130049,313,313,Oceanside TC - Town Center North,3,NCTD,,http://www.gonctd.com/breeze,008C9B,FFFFFF,Bus,3130049_313,"(0, 0, 153)","(255, 255, 255)",28823.23883000201
46,3150102,315,315,College Bl Sprinter Sta - 22 Area via Vandegrift,3,NCTD,,http://www.gonctd.com/breeze,008C9B,FFFFFF,Bus,3150102_315,"(0, 0, 153)","(255, 255, 255)",73531.28003118005
47,3150103,315,315,College Bl Sprinter Sta - 22 Area via Vandegrift,3,NCTD,,http://www.gonctd.com/breeze,008C9B,FFFFFF,Bus,3150103_315,"(0, 0, 153)","(255, 255, 255)",100169.90384427528
48,3150104,315,315,College Bl Sprinter Sta - 22 Area via Vandegrift,3,NCTD,,http://www.gonctd.com/breeze,008C9B,FFFFFF,Bus,3150104_315,"(0, 0, 153)","(255, 255, 255)",97694.72147344043
49,3150105,315,315,College Bl Sprinter Sta - 22 Area via Vandegrift,3,NCTD,,http://www.gonctd.com/breeze,008C9B,FFFFFF,Bus,3150105_315,"(0, 0, 153)","(255, 255, 255)",73956.5031253337
50,3180094,318,318,Oceanside TC - Vista TC via Oceanside Blvd,3,NCTD,,http://www.gonctd.com/breeze,008C9B,FFFFFF,Bus,3180094_318,"(0, 0, 153)","(255, 255, 255)",27830.345602021087
51,3180097,318,318,Oceanside TC - Vista TC via Oceanside Blvd,3,NCTD,,http://www.gonctd.com/breeze,008C9B,FFFFFF,Bus,3180097_318,"(0, 0, 153)","(255, 255, 255)",72622.36457583832
52,3180098,318,318,Oceanside TC - Vista TC via Oceanside Blvd,3,NCTD,,http://www.gonctd.com/breeze,008C9B,FFFFFF,Bus,3180098_318,"(0, 0, 153)","(255, 255, 255)",72200.04688277484
53,3180099,318,318,Oceanside TC - Vista TC via Oceanside Blvd,3,NCTD,,http://www.gonctd.com/breeze,008C9B,FFFFFF,Bus,3180099_318,"(0, 0, 153)","(255, 255, 255)",76808.42357239443
54,3180100,318,318,Oceanside TC - Vista TC via Oceanside Blvd,3,NCTD,,http://www.gonctd.com/breeze,008C9B,FFFFFF,Bus,3180100_318,"(0, 0, 153)","(255, 255, 255)",77933.01885832445
55,3180101,318,318,Oceanside TC - Vista TC via Oceanside Blvd,3,NCTD,,http://www.gonctd.com/breeze,008C9B,FFFFFF,Bus,3180101_318,"(0, 0, 153)","(255, 255, 255)",27830.345602021087
56,3230087,323,323,College Sprinter - Quarry Creek,3,NCTD,,http://www.gonctd.com/breeze,008C9B,FFFFFF,Bus,3230087_323,"(0, 0, 153)","(255, 255, 255)",25643.638335696098
57,3230088,323,323,College Sprinter - Quarry Creek,3,NCTD,,http://www.gonctd.com/breeze,008C9B,FFFFFF,Bus,3230088_323,"(0, 0, 153)","(255, 255, 255)",45607.91850184812
58,3250061,325,325,Carlsbad Village - College Sprinter,3,NCTD,,http://www.gonctd.com/breeze,008C9B,FFFFFF,Bus,3250061_325,"(0, 0, 153)","(255, 255, 255)",57397.51495202452
59,3250062,325,325,Carlsbad Village - College Sprinter,3,NCTD,,http://www.gonctd.com/breeze,008C9B,FFFFFF,Bus,3250062_325,"(0, 0, 153)","(255, 255, 255)",59926.83286160496
60,3320078,332,332,Vista TC - Buena Creek Station,3,NCTD,,http://www.gonctd.com/breeze,008C9B,FFFFFF,Bus,3320078_332,"(0, 0, 153)","(255, 255, 255)",61955.362009147255
61,3320079,332,332,Vista TC - Buena Creek Station,3,NCTD,,http://www.gonctd.com/breeze,008C9B,FFFFFF,Bus,3320079_332,"(0, 0, 153)","(255, 255, 255)",60200.86226119211
62,3320080,332,332,Vista TC - Buena Creek Station,3,NCTD,,http://www.gonctd.com/breeze,008C9B,FFFFFF,Bus,3320080_332,"(0, 0, 153)","(255, 255, 255)",55912.93918954031
63,3320081,332,332,Vista TC - Buena Creek Station,3,NCTD,,http://www.gonctd.com/breeze,008C9B,FFFFFF,Bus,3320081_332,"(0, 0, 153)","(255, 255, 255)",57667.43964453679
64,3320082,332,332,Vista TC - Buena Creek Station,3,NCTD,,http://www.gonctd.com/breeze,008C9B,FFFFFF,Bus,3320082_332,"(0, 0, 153)","(255, 255, 255)",57667.43982617227
65,3340013,334,334,Vista Circulator,3,NCTD,,http://www.gonctd.com/breeze,008C9B,FFFFFF,Bus,3340013_334,"(0, 0, 153)","(255, 255, 255)",34281.66477175503
66,3470026,347,347,CSUSM to PCTC,3,NCTD,,http://www.gonctd.com/breeze,008C9B,FFFFFF,Bus,3470026_347,"(0, 0, 153)","(255, 255, 255)",29986.030126760776
67,3470027,347,347,CSUSM to PCTC,3,NCTD,,http://www.gonctd.com/breeze,008C9B,FFFFFF,Bus,3470027_347,"(0, 0, 153)","(255, 255, 255)",29851.463472778756
68,3500058,350,350,BREEZE Rapid:  ETC - Del Lago TC,3,NCTD,,http://www.gonctd.com/breeze,008C9B,FFFFFF,Bus,3500058_350,"(0, 0, 153)","(255, 255, 255)",29517.474161467024
69,3500059,350,350,BREEZE Rapid:  ETC - Del Lago TC,3,NCTD,,http://www.gonctd.com/breeze,008C9B,FFFFFF,Bus,3500059_350,"(0, 0, 153)","(255, 255, 255)",30625.09213851998
70,3500060,350,350,BREEZE Rapid:  ETC - Del Lago TC,3,NCTD,,http://www.gonctd.com/breeze,008C9B,FFFFFF,Bus,3500060_350,"(0, 0, 153)","(255, 255, 255)",21319.79646924893
71,3510054,351,351,Escondido Circulator (CCW),3,NCTD,,http://www.gonctd.com/breeze,008C9B,FFFFFF,Bus,3510054_351,"(0, 0, 153)","(255, 255, 255)",33588.38503706178
72,3510055,351,351,Escondido Circulator (CCW),3,NCTD,,http://www.gonctd.com/breeze,008C9B,FFFFFF,Bus,3510055_351,"(0, 0, 153)","(255, 255, 255)",16162.184869163311
73,3520043,352,352,Midway & Washington (Clock),3,NCTD,,http://www.gonctd.com/breeze,008C9B,FFFFFF,Bus,3520043_352,"(0, 0, 153)","(255, 255, 255)",33327.274087801954
74,3520044,352,352,Midway & Washington (Clock),3,NCTD,,http://www.gonctd.com/breeze,008C9B,FFFFFF,Bus,3520044_352,"(0, 0, 153)","(255, 255, 255)",15381.86246965096
75,3530028,353,353,Escondido to Nordahl Market Pl via Citracado,3,NCTD,,http://www.gonctd.com/breeze,008C9B,FFFFFF,Bus,3530028_353,"(0, 0, 153)","(255, 255, 255)",26671.633974021777
76,3530029,353,353,Escondido to Nordahl Market Pl via Citracado,3,NCTD,,http://www.gonctd.com/breeze,008C9B,FFFFFF,Bus,3530029_353,"(0, 0, 153)","(255, 255, 255)",25860.801425213984
77,3530030,353,353,Escondido to Nordahl Market Pl via Citracado,3,NCTD,,http://www.gonctd.com/breeze,008C9B,FFFFFF,Bus,3530030_353,"(0, 0, 153)","(255, 255, 255)",26671.633992502582
78,3540023,354,354,Escondido TC - Orange Glen High School,3,NCTD,,http://www.gonctd.com/breeze,008C9B,FFFFFF,Bus,3540023_354,"(0, 0, 153)","(255, 255, 255)",30306.431176163933
79,3540024,354,354,Escondido TC - Orange Glen High School,3,NCTD,,http://www.gonctd.com/breeze,008C9B,FFFFFF,Bus,3540024_354,"(0, 0, 153)","(255, 255, 255)",9386.957169764199
80,3540025,354,354,Escondido TC - Orange Glen High School,3,NCTD,,http://www.gonctd.com/breeze,008C9B,FFFFFF,Bus,3540025_354,"(0, 0, 153)","(255, 255, 255)",33137.86776359648
81,3550016,355,355,N. Broadway to El Norte Parkway,3,NCTD,,http://www.gonctd.com/breeze,008C9B,FFFFFF,Bus,3550016_355,"(0, 0, 153)","(255, 255, 255)",52065.62663169709
82,3550017,355,355,N. Broadway to El Norte Parkway,3,NCTD,,http://www.gonctd.com/breeze,008C9B,FFFFFF,Bus,3550017_355,"(0, 0, 153)","(255, 255, 255)",52065.626633814594
83,3560006,356,356,Morningview & Escondido Blvd (Clock),3,NCTD,,http://www.gonctd.com/breeze,008C9B,FFFFFF,Bus,3560006_356,"(0, 0, 153)","(255, 255, 255)",24100.279785925424
84,3570014,357,357,Valley Parkway to El Norte Parkway,3,NCTD,,http://www.gonctd.com/breeze,008C9B,FFFFFF,Bus,3570014_357,"(0, 0, 153)","(255, 255, 255)",50450.33788804462
85,3570015,357,357,Valley Parkway to El Norte Parkway,3,NCTD,,http://www.gonctd.com/breeze,008C9B,FFFFFF,Bus,3570015_357,"(0, 0, 153)","(255, 255, 255)",50282.39454715101
86,3570017,357,357,Valley Parkway to El Norte Parkway,3,NCTD,,http://www.gonctd.com/breeze,008C9B,FFFFFF,Bus,3570017_357,"(0, 0, 153)","(255, 255, 255)",50450.33846046186
87,3570018,357,357,Valley Parkway to El Norte Parkway,3,NCTD,,http://www.gonctd.com/breeze,008C9B,FFFFFF,Bus,3570018_357,"(0, 0, 153)","(255, 255, 255)",50450.336725145295
88,3580016,358,358,Escondido Country Club (Clock),3,NCTD,,http://www.gonctd.com/breeze,008C9B,FFFFFF,Bus,3580016_358,"(0, 0, 153)","(255, 255, 255)",52239.12847802321
89,3590015,359,359,Escondido Country Club (Counter),3,NCTD,,http://www.gonctd.com/breeze,008C9B,FFFFFF,Bus,3590015_359,"(0, 0, 153)","(255, 255, 255)",52239.13012735275
90,3710027,371,371,Escondido - Ramona,3,NCTD,,http://www.gonctd.com/breeze,008C9B,FFFFFF,Bus,3710027_371,"(0, 0, 153)","(255, 255, 255)",103881.27476109576
91,3710028,371,371,Escondido - Ramona,3,NCTD,,http://www.gonctd.com/breeze,008C9B,FFFFFF,Bus,3710028_371,"(0, 0, 153)","(255, 255, 255)",101243.8453723682
92,3710029,371,371,Escondido - Ramona,3,NCTD,,http://www.gonctd.com/breeze,008C9B,FFFFFF,Bus,3710029_371,"(0, 0, 153)","(255, 255, 255)",105941.05113506904
93,3710031,371,371,Escondido - Ramona,3,NCTD,,http://www.gonctd.com/breeze,008C9B,FFFFFF,Bus,3710031_371,"(0, 0, 153)","(255, 255, 255)",101243.8459453486
94,3710032,371,371,Escondido - Ramona,3,NCTD,,http://www.gonctd.com/breeze,008C9B,FFFFFF,Bus,3710032_371,"(0, 0, 153)","(255, 255, 255)",105941.05170804945
95,3710033,371,371,Escondido - Ramona,3,NCTD,,http://www.gonctd.com/breeze,008C9B,FFFFFF,Bus,3710033_371,"(0, 0, 153)","(255, 255, 255)",103881.27486592616
96,3880039,388,388,Escondido - Pala,3,NCTD,,http://www.gonctd.com/breeze,008C9B,FFFFFF,Bus,3880039_388,"(0, 0, 153)","(255, 255, 255)",172776.53253596244
97,3880040,388,388,Escondido - Pala,3,NCTD,,http://www.gonctd.com/breeze,008C9B,FFFFFF,Bus,3880040_388,"(0, 0, 153)","(255, 255, 255)",172363.4404222032
98,3880043,388,388,Escondido - Pala,3,NCTD,,http://www.gonctd.com/breeze,008C9B,FFFFFF,Bus,3880043_388,"(0, 0, 153)","(255, 255, 255)",172776.53310837972
99,3880044,388,388,Escondido - Pala,3,NCTD,,http://www.gonctd.com/breeze,008C9B,FFFFFF,Bus,3880044_388,"(0, 0, 153)","(255, 255, 255)",172363.44042432072
100,3920036,392,392,Oceanside TC - 14 Area,3,NCTD,,http://www.gonctd.com/breeze,008C9B,FFFFFF,Bus,3920036_392,"(0, 0, 153)","(255, 255, 255)",90403.9584265321
101,3920037,392,392,Oceanside TC - 14 Area,3,NCTD,,http://www.gonctd.com/breeze,008C9B,FFFFFF,Bus,3920037_392,"(0, 0, 153)","(255, 255, 255)",87500.12766511568
102,3920038,392,392,Oceanside TC - 14 Area,3,NCTD,,http://www.gonctd.com/breeze,008C9B,FFFFFF,Bus,3920038_392,"(0, 0, 153)","(255, 255, 255)",87027.56998035022
103,3920039,392,392,Oceanside TC - 14 Area,3,NCTD,,http://www.gonctd.com/breeze,008C9B,FFFFFF,Bus,3920039_392,"(0, 0, 153)","(255, 255, 255)",90500.95132859892
104,3950049,395,395,Oceanside TC - Camp San Onofre,3,NCTD,,http://www.gonctd.com/breeze,008C9B,FFFFFF,Bus,3950049_395,"(0, 0, 153)","(255, 255, 255)",130052.93475709908
105,3950051,395,395,Oceanside TC - Camp San Onofre,3,NCTD,,http://www.gonctd.com/breeze,008C9B,FFFFFF,Bus,3950051_395,"(0, 0, 153)","(255, 255, 255)",131003.92898404278
106,3950052,395,395,Oceanside TC - Camp San Onofre,3,NCTD,,http://www.gonctd.com/breeze,008C9B,FFFFFF,Bus,3950052_395,"(0, 0, 153)","(255, 255, 255)",129580.37707233363
107,3950053,395,395,Oceanside TC - Camp San Onofre,3,NCTD,,http://www.gonctd.com/breeze,008C9B,FFFFFF,Bus,3950053_395,"(0, 0, 153)","(255, 255, 255)",131100.9218861096
108,3980014,398,,COASTER,2,NCTD,,http://www.gonctd.com/coaster,00459D,FFFFFF,Rail,3980014_398,"(0, 0, 153)","(255, 255, 255)",214514.77466508272
109,3980016,398,,COASTER,2,NCTD,,http://www.gonctd.com/coaster,00459D,FFFFFF,Rail,3980016_398,"(0, 0, 153)","(255, 255, 255)",214689.65480992547
110,3990012,399,,SPRINTER,0,NCTD,,http://www.gonctd.com/sprinter,00AB9B,FFFFFF,"Tram, Streetcar, Light rail",3990012_399,"(0, 0, 153)","(255, 255, 255)",115836.73267949716
111,3990013,399,,SPRINTER,0,NCTD,,http://www.gonctd.com/sprinter,00AB9B,FFFFFF,"Tram, Streetcar, Light rail",3990013_399,"(0, 0, 153)","(255, 255, 255)",115836.73267949714
112,3990014,399,,SPRINTER,0,NCTD,,http://www.gonctd.com/sprinter,00AB9B,FFFFFF,"Tram, Streetcar, Light rail",3990014_399,"(0, 0, 153)","(255, 255, 255)",64185.87399322318
113,4440020,444,444,Poinsettia Station Coaster Conx - Faraday,3,NCTD,,http://www.gonctd.com/breeze,008C9B,FFFFFF,Bus,4440020_444,"(0, 0, 153)","(255, 255, 255)",44973.0267630988
114,4440022,444,444,Poinsettia Station Coaster Conx - Faraday,3,NCTD,,http://www.gonctd.com/breeze,008C9B,FFFFFF,Bus,4440022_444,"(0, 0, 153)","(255, 255, 255)",44196.26539235226
115,4450063,445,445,Poinsettia - Palomar College via PAR,3,NCTD,,http://www.gonctd.com/breeze,008C9B,FFFFFF,Bus,4450063_445,"(0, 0, 153)","(255, 255, 255)",60211.5333110532
116,4450064,445,445,Poinsettia - Palomar College via PAR,3,NCTD,,http://www.gonctd.com/breeze,008C9B,FFFFFF,Bus,4450064_445,"(0, 0, 153)","(255, 255, 255)",60683.18050327395
117,6040006,604,604,Encinitas - San Marcos,3,NCTD,,http://www.gonctd.com/breeze,008C9B,FFFFFF,Bus,6040006_604,"(0, 0, 153)","(255, 255, 255)",84307.31699227566
118,6040009,604,604,Encinitas - San Marcos,3,NCTD,,http://www.gonctd.com/breeze,008C9B,FFFFFF,Bus,6040009_604,"(0, 0, 153)","(255, 255, 255)",84325.82809658375
119,6040010,604,604,Encinitas - San Marcos,3,NCTD,,http://www.gonctd.com/breeze,008C9B,FFFFFF,Bus,6040010_604,"(0, 0, 153)","(255, 255, 255)",79573.49013283922
120,6080006,608,608,Escondido TC - Del Lago Academy,3,NCTD,,http://www.gonctd.com/breeze,008C9B,FFFFFF,Bus,6080006_608,"(0, 0, 153)","(255, 255, 255)",15580.46574652684
121,6080007,608,608,Escondido TC - Del Lago Academy,3,NCTD,,http://www.gonctd.com/breeze,008C9B,FFFFFF,Bus,6080007_608,"(0, 0, 153)","(255, 255, 255)",15589.325781035011
122,6090007,609,609,Encinitas Station - Sage Creek HS,3,NCTD,,http://www.gonctd.com/breeze,008C9B,FFFFFF,Bus,6090007_609,"(0, 0, 153)","(255, 255, 255)",64383.54979397592
123,6090008,609,609,Encinitas Station - Sage Creek HS,3,NCTD,,http://www.gonctd.com/breeze,008C9B,FFFFFF,Bus,6090008_609,"(0, 0, 153)","(255, 255, 255)",43569.93360475382
124,6230007,623,623,College Sprinter - Sage Creek HS,3,NCTD,,http://www.gonctd.com/breeze,008C9B,FFFFFF,Bus,6230007_623,"(0, 0, 153)","(255, 255, 255)",65452.35002991395
125,6230008,623,623,College Sprinter - Sage Creek HS,3,NCTD,,http://www.gonctd.com/breeze,008C9B,FFFFFF,Bus,6230008_623,"(0, 0, 153)","(255, 255, 255)",90598.17352431099
126,6230010,623,623,College Sprinter - Sage Creek HS,3,NCTD,,http://www.gonctd.com/breeze,008C9B,FFFFFF,Bus,6230010_623,"(0, 0, 153)","(255, 255, 255)",59013.3644674545
127,6230011,623,623,College Sprinter - Sage Creek HS,3,NCTD,,http://www.gonctd.com/breeze,008C9B,FFFFFF,Bus,6230011_623,"(0, 0, 153)","(255, 255, 255)",59559.98712526371
128,6320006,632,632,Vista TC - Rancho Buena Vista HS,3,NCTD,,http://www.gonctd.com/breeze,008C9B,FFFFFF,Bus,6320006_632,"(0, 0, 153)","(255, 255, 255)",18094.101681231965
129,6320007,632,632,Vista TC - Rancho Buena Vista HS,3,NCTD,,http://www.gonctd.com/breeze,008C9B,FFFFFF,Bus,6320007_632,"(0, 0, 153)","(255, 255, 255)",24805.97616121116
130,6510004,651,651,Escondido Circulator - Orange Glen HS,3,NCTD,,http://www.gonctd.com/breeze,008C9B,FFFFFF,Bus,6510004_651,"(0, 0, 153)","(255, 255, 255)",45932.796522855584
131,6520004,652,652,Midway & Washington - Orange Glen HS,3,NCTD,,http://www.gonctd.com/breeze,008C9B,FFFFFF,Bus,6520004_652,"(0, 0, 153)","(255, 255, 255)",45671.68661397693
132,105_0_98,105,105,Old Town - University City,3,MTS,,https://www.sdmts.com/schedules-real-time?fragment=105,000099,FFFFFF,Bus,105_0_98_105,"(0, 0, 153)","(255, 255, 255)",54630.034465856195
133,105_0_99,105,105,Old Town - University City,3,MTS,,https://www.sdmts.com/schedules-real-time?fragment=105,000099,FFFFFF,Bus,105_0_99_105,"(0, 0, 153)","(255, 255, 255)",32981.031048265846
134,105_1_102,105,105,Old Town - University City,3,MTS,,https://www.sdmts.com/schedules-real-time?fragment=105,000099,FFFFFF,Bus,105_1_102_105,"(0, 0, 153)","(255, 255, 255)",37947.438291409395
135,105_1_103,105,105,Old Town - University City,3,MTS,,https://www.sdmts.com/schedules-real-time?fragment=105,000099,FFFFFF,Bus,105_1_103_105,"(0, 0, 153)","(255, 255, 255)",54934.031196192154
136,105_1_104,105,105,Old Town - University City,3,MTS,,https://www.sdmts.com/schedules-real-time?fragment=105,000099,FFFFFF,Bus,105_1_104_105,"(0, 0, 153)","(255, 255, 255)",25812.64620313581
137,10_2_69,10,10,Old Town - University/College,3,MTS,,https://www.sdmts.com/schedules-real-time?fragment=10,000099,FFFFFF,Bus,10_2_69_10,"(0, 0, 153)","(255, 255, 255)",46979.33433483602
138,10_2_71,10,10,Old Town - University/College,3,MTS,,https://www.sdmts.com/schedules-real-time?fragment=10,000099,FFFFFF,Bus,10_2_71_10,"(0, 0, 153)","(255, 255, 255)",35911.244343862374
139,10_3_70,10,10,Old Town - University/College,3,MTS,,https://www.sdmts.com/schedules-real-time?fragment=10,000099,FFFFFF,Bus,10_3_70_10,"(0, 0, 153)","(255, 255, 255)",48479.256004075985
140,10_3_72,10,10,Old Town - University/College,3,MTS,,https://www.sdmts.com/schedules-real-time?fragment=10,000099,FFFFFF,Bus,10_3_72_10,"(0, 0, 153)","(255, 255, 255)",33028.30965582352
141,110_0_22,110,110,Mira Mesa - Downtown via Hwy 163,3,MTS,,https://www.sdmts.com/schedules-real-time?fragment=110,000099,FFFFFF,Bus,110_0_22_110,"(0, 0, 153)","(255, 255, 255)",104997.84934526152
142,110_1_21,110,110,Mira Mesa - Downtown via Hwy 163,3,MTS,,https://www.sdmts.com/schedules-real-time?fragment=110,000099,FFFFFF,Bus,110_1_21_110,"(0, 0, 153)","(255, 255, 255)",103910.4279179629
143,115_2_79,115,115,El Cajon T.C. - SDSU T.C.,3,MTS,,https://www.sdmts.com/schedules-real-time?fragment=115,000099,FFFFFF,Bus,115_2_79_115,"(0, 0, 153)","(255, 255, 255)",32338.018884367495
144,115_2_81,115,115,El Cajon T.C. - SDSU T.C.,3,MTS,,https://www.sdmts.com/schedules-real-time?fragment=115,000099,FFFFFF,Bus,115_2_81_115,"(0, 0, 153)","(255, 255, 255)",61830.65368542412
145,115_2_82,115,115,El Cajon T.C. - SDSU T.C.,3,MTS,,https://www.sdmts.com/schedules-real-time?fragment=115,000099,FFFFFF,Bus,115_2_82_115,"(0, 0, 153)","(255, 255, 255)",50500.13509365833
146,115_3_76,115,115,El Cajon T.C. - SDSU T.C.,3,MTS,,https://www.sdmts.com/schedules-real-time?fragment=115,000099,FFFFFF,Bus,115_3_76_115,"(0, 0, 153)","(255, 255, 255)",48620.862226185185
147,115_3_77,115,115,El Cajon T.C. - SDSU T.C.,3,MTS,,https://www.sdmts.com/schedules-real-time?fragment=115,000099,FFFFFF,Bus,115_3_77_115,"(0, 0, 153)","(255, 255, 255)",59259.27531549691
148,115_3_80,115,115,El Cajon T.C. - SDSU T.C.,3,MTS,,https://www.sdmts.com/schedules-real-time?fragment=115,000099,FFFFFF,Bus,115_3_80_115,"(0, 0, 153)","(255, 255, 255)",26651.23005027128
149,115_3_84,115,115,El Cajon T.C. - SDSU T.C.,3,MTS,,https://www.sdmts.com/schedules-real-time?fragment=115,000099,FFFFFF,Bus,115_3_84_115,"(0, 0, 153)","(255, 255, 255)",15393.876042712984
150,11_0_314,11,11,SDSU - Downtown San Diego,3,MTS,,https://www.sdmts.com/schedules-real-time?fragment=11,000099,FFFFFF,Bus,11_0_314_11,"(0, 0, 153)","(255, 255, 255)",52222.18644210166
151,11_0_317,11,11,SDSU - Downtown San Diego,3,MTS,,https://www.sdmts.com/schedules-real-time?fragment=11,000099,FFFFFF,Bus,11_0_317_11,"(0, 0, 153)","(255, 255, 255)",55807.76860948264
152,11_1_315,11,11,SDSU - Downtown San Diego,3,MTS,,https://www.sdmts.com/schedules-real-time?fragment=11,000099,FFFFFF,Bus,11_1_315_11,"(0, 0, 153)","(255, 255, 255)",55120.538296900966
153,11_1_316,11,11,SDSU - Downtown San Diego,3,MTS,,https://www.sdmts.com/schedules-real-time?fragment=11,000099,FFFFFF,Bus,11_1_316_11,"(0, 0, 153)","(255, 255, 255)",36370.869499774424
154,11_1_318,11,11,SDSU - Downtown San Diego,3,MTS,,https://www.sdmts.com/schedules-real-time?fragment=11,000099,FFFFFF,Bus,11_1_318_11,"(0, 0, 153)","(255, 255, 255)",61797.39853102585
155,120_0_127,120,120,Downtown San Diego - Kearny Mesa Transit Center,3,MTS,,https://www.sdmts.com/schedules-real-time?fragment=120,000099,FFFFFF,Bus,120_0_127_120,"(0, 0, 153)","(255, 255, 255)",29084.34471322972
156,120_0_133,120,120,Downtown San Diego - Kearny Mesa Transit Center,3,MTS,,https://www.sdmts.com/schedules-real-time?fragment=120,000099,FFFFFF,Bus,120_0_133_120,"(0, 0, 153)","(255, 255, 255)",67806.66014052539
157,120_0_135,120,120,Downtown San Diego - Kearny Mesa Transit Center,3,MTS,,https://www.sdmts.com/schedules-real-time?fragment=120,000099,FFFFFF,Bus,120_0_135_120,"(0, 0, 153)","(255, 255, 255)",54023.328580033296
158,120_1_131,120,120,Downtown San Diego - Kearny Mesa Transit Center,3,MTS,,https://www.sdmts.com/schedules-real-time?fragment=120,000099,FFFFFF,Bus,120_1_131_120,"(0, 0, 153)","(255, 255, 255)",62839.04998853722
159,120_1_132,120,120,Downtown San Diego - Kearny Mesa Transit Center,3,MTS,,https://www.sdmts.com/schedules-real-time?fragment=120,000099,FFFFFF,Bus,120_1_132_120,"(0, 0, 153)","(255, 255, 255)",25073.854009704977
160,120_1_134,120,120,Downtown San Diego - Kearny Mesa Transit Center,3,MTS,,https://www.sdmts.com/schedules-real-time?fragment=120,000099,FFFFFF,Bus,120_1_134_120,"(0, 0, 153)","(255, 255, 255)",46213.58267183667
161,12_2_11,12,12,City College - Skyline Hills,3,MTS,,https://www.sdmts.com/schedules-real-time?fragment=12,000099,FFFFFF,Bus,12_2_11_12,"(0, 0, 153)","(255, 255, 255)",20839.431985513966
162,12_2_27,12,12,City College - Skyline Hills,3,MTS,,https://www.sdmts.com/schedules-real-time?fragment=12,000099,FFFFFF,Bus,12_2_27_12,"(0, 0, 153)","(255, 255, 255)",49147.71630981272
163,12_3_24,12,12,City College - Skyline Hills,3,MTS,,https://www.sdmts.com/schedules-real-time?fragment=12,000099,FFFFFF,Bus,12_3_24_12,"(0, 0, 153)","(255, 255, 255)",25543.02322402561
164,12_3_26,12,12,City College - Skyline Hills,3,MTS,,https://www.sdmts.com/schedules-real-time?fragment=12,000099,FFFFFF,Bus,12_3_26_12,"(0, 0, 153)","(255, 255, 255)",52285.83534786527
165,12_3_28,12,12,City College - Skyline Hills,3,MTS,,https://www.sdmts.com/schedules-real-time?fragment=12,000099,FFFFFF,Bus,12_3_28_12,"(0, 0, 153)","(255, 255, 255)",50947.87155989095
166,12_3_29,12,12,City College - Skyline Hills,3,MTS,,https://www.sdmts.com/schedules-real-time?fragment=12,000099,FFFFFF,Bus,12_3_29_12,"(0, 0, 153)","(255, 255, 255)",27418.414045650006
167,13_0_173,13,13,Kaiser Hospital  - 24th St Transit Center,3,MTS,,https://www.sdmts.com/schedules-real-time?fragment=13,000099,FFFFFF,Bus,13_0_173_13,"(0, 0, 153)","(255, 255, 255)",39620.48373119012
168,13_0_197,13,13,Kaiser Hospital  - 24th St Transit Center,3,MTS,,https://www.sdmts.com/schedules-real-time?fragment=13,000099,FFFFFF,Bus,13_0_197_13,"(0, 0, 153)","(255, 255, 255)",65570.5724276047
169,13_0_198,13,13,Kaiser Hospital  - 24th St Transit Center,3,MTS,,https://www.sdmts.com/schedules-real-time?fragment=13,000099,FFFFFF,Bus,13_0_198_13,"(0, 0, 153)","(255, 255, 255)",25950.08869641455
170,13_1_193,13,13,Kaiser Hospital  - 24th St Transit Center,3,MTS,,https://www.sdmts.com/schedules-real-time?fragment=13,000099,FFFFFF,Bus,13_1_193_13,"(0, 0, 153)","(255, 255, 255)",65490.137269301726
171,13_1_194,13,13,Kaiser Hospital  - 24th St Transit Center,3,MTS,,https://www.sdmts.com/schedules-real-time?fragment=13,000099,FFFFFF,Bus,13_1_194_13,"(0, 0, 153)","(255, 255, 255)",56644.85639459873
172,13_1_195,13,13,Kaiser Hospital  - 24th St Transit Center,3,MTS,,https://www.sdmts.com/schedules-real-time?fragment=13,000099,FFFFFF,Bus,13_1_195_13,"(0, 0, 153)","(255, 255, 255)",40413.95996609937
173,13_1_196,13,13,Kaiser Hospital  - 24th St Transit Center,3,MTS,,https://www.sdmts.com/schedules-real-time?fragment=13,000099,FFFFFF,Bus,13_1_196_13,"(0, 0, 153)","(255, 255, 255)",25076.177303202367
174,14_2_97,14,14,Grantville Trolley  -  Baltimore & Lake Murray,3,MTS,,https://www.sdmts.com/schedules-real-time?fragment=14,000099,FFFFFF,Bus,14_2_97_14,"(0, 0, 153)","(255, 255, 255)",53559.300504735846
175,14_3_98,14,14,Grantville Trolley  -  Baltimore & Lake Murray,3,MTS,,https://www.sdmts.com/schedules-real-time?fragment=14,000099,FFFFFF,Bus,14_3_98_14,"(0, 0, 153)","(255, 255, 255)",50976.06500134023
176,18_8_9,18,18,Grantville Trlly via Camino del Rio,3,MTS,,https://www.sdmts.com/schedules-real-time?fragment=18,000099,FFFFFF,Bus,18_8_9_18,"(0, 0, 153)","(255, 255, 255)",39360.125434607755
177,1_2_161,1,1,Fashion Valley - La Mesa,3,MTS,,https://www.sdmts.com/schedules-real-time?fragment=1,000099,FFFFFF,Bus,1_2_161_1,"(0, 0, 153)","(255, 255, 255)",60383.2221304599
178,1_3_162,1,1,Fashion Valley - La Mesa,3,MTS,,https://www.sdmts.com/schedules-real-time?fragment=1,000099,FFFFFF,Bus,1_3_162_1,"(0, 0, 153)","(255, 255, 255)",45012.826173532965
179,1_3_163,1,1,Fashion Valley - La Mesa,3,MTS,,https://www.sdmts.com/schedules-real-time?fragment=1,000099,FFFFFF,Bus,1_3_163_1,"(0, 0, 153)","(255, 255, 255)",60729.82582649213
180,1_3_164,1,1,Fashion Valley - La Mesa,3,MTS,,https://www.sdmts.com/schedules-real-time?fragment=1,000099,FFFFFF,Bus,1_3_164_1,"(0, 0, 153)","(255, 255, 255)",46384.10677983784
181,201_9_31,201,201,Super Loop - Counterclockwise,3,MTS,,https://www.sdmts.com/schedules-real-time?fragment=201,CC0000,FFFFFF,Bus,201_9_31_201,"(0, 0, 153)","(255, 255, 255)",30646.698841756508
182,201_9_32,201,201,Super Loop - Counterclockwise,3,MTS,,https://www.sdmts.com/schedules-real-time?fragment=201,CC0000,FFFFFF,Bus,201_9_32_201,"(0, 0, 153)","(255, 255, 255)",15328.577572557951
183,202_8_35,202,202,Super Loop - Clockwise,3,MTS,,https://www.sdmts.com/schedules-real-time?fragment=202,CC0000,FFFFFF,Bus,202_8_35_202,"(0, 0, 153)","(255, 255, 255)",30646.743484548337
184,202_8_36,202,202,Super Loop - Clockwise,3,MTS,,https://www.sdmts.com/schedules-real-time?fragment=202,CC0000,FFFFFF,Bus,202_8_36_202,"(0, 0, 153)","(255, 255, 255)",15948.860318416244
185,204_8_7,204,204,Super Loop - Judicial Dr.,3,MTS,,https://www.sdmts.com/schedules-real-time?fragment=204,CC0000,FFFFFF,Bus,204_8_7_204,"(0, 0, 153)","(255, 255, 255)",17951.227865515462
186,20_0_256,20,20,Downtown - Rancho Bernardo Transit Station,3,MTS,,https://www.sdmts.com/schedules-real-time?fragment=20,000099,FFFFFF,Bus,20_0_256_20,"(0, 0, 153)","(255, 255, 255)",58123.76539095839
187,20_0_258,20,20,Downtown - Rancho Bernardo Transit Station,3,MTS,,https://www.sdmts.com/schedules-real-time?fragment=20,000099,FFFFFF,Bus,20_0_258_20,"(0, 0, 153)","(255, 255, 255)",153486.10599255122
188,20_0_260,20,20,Downtown - Rancho Bernardo Transit Station,3,MTS,,https://www.sdmts.com/schedules-real-time?fragment=20,000099,FFFFFF,Bus,20_0_260_20,"(0, 0, 153)","(255, 255, 255)",152070.0273450502
189,20_0_261,20,20,Downtown - Rancho Bernardo Transit Station,3,MTS,,https://www.sdmts.com/schedules-real-time?fragment=20,000099,FFFFFF,Bus,20_0_261_20,"(0, 0, 153)","(255, 255, 255)",56707.68674345742
190,20_0_262,20,20,Downtown - Rancho Bernardo Transit Station,3,MTS,,https://www.sdmts.com/schedules-real-time?fragment=20,000099,FFFFFF,Bus,20_0_262_20,"(0, 0, 153)","(255, 255, 255)",95813.64568449584
191,20_0_263,20,20,Downtown - Rancho Bernardo Transit Station,3,MTS,,https://www.sdmts.com/schedules-real-time?fragment=20,000099,FFFFFF,Bus,20_0_263_20,"(0, 0, 153)","(255, 255, 255)",94397.56703699488
192,20_1_257,20,20,Downtown - Rancho Bernardo Transit Station,3,MTS,,https://www.sdmts.com/schedules-real-time?fragment=20,000099,FFFFFF,Bus,20_1_257_20,"(0, 0, 153)","(255, 255, 255)",154104.71766964727
193,20_1_259,20,20,Downtown - Rancho Bernardo Transit Station,3,MTS,,https://www.sdmts.com/schedules-real-time?fragment=20,000099,FFFFFF,Bus,20_1_259_20,"(0, 0, 153)","(255, 255, 255)",61117.59153036025
194,20_1_264,20,20,Downtown - Rancho Bernardo Transit Station,3,MTS,,https://www.sdmts.com/schedules-real-time?fragment=20,000099,FFFFFF,Bus,20_1_264_20,"(0, 0, 153)","(255, 255, 255)",98612.26716551067
195,215_2_25,215,215,Mid-City Rapid,3,MTS,,https://www.sdmts.com/schedules-real-time?fragment=215,CC0000,FFFFFF,Bus,215_2_25_215,"(0, 0, 153)","(255, 255, 255)",52365.64322073346
196,215_3_27,215,215,Mid-City Rapid,3,MTS,,https://www.sdmts.com/schedules-real-time?fragment=215,CC0000,FFFFFF,Bus,215_3_27_215,"(0, 0, 153)","(255, 255, 255)",51700.46958906387
197,215_3_28,215,215,Mid-City Rapid,3,MTS,,https://www.sdmts.com/schedules-real-time?fragment=215,CC0000,FFFFFF,Bus,215_3_28_215,"(0, 0, 153)","(255, 255, 255)",33732.09658852554
198,225_0_23,225,225,Downtown - Otay Mesa TC,3,MTS,,https://www.sdmts.com/schedules-real-time?fragment=225,CC0000,FFFFFF,Bus,225_0_23_225,"(0, 0, 153)","(255, 255, 255)",130372.99119305842
199,225_1_22,225,225,Downtown - Otay Mesa TC,3,MTS,,https://www.sdmts.com/schedules-real-time?fragment=225,CC0000,FFFFFF,Bus,225_1_22_225,"(0, 0, 153)","(255, 255, 255)",131118.7470076045
200,227_2_6,227,227,Imperial Beach - Otay Mesa TC,3,MTS,,https://www.sdmts.com/schedules-real-time?fragment=227,CC0000,FFFFFF,Bus,227_2_6_227,"(0, 0, 153)","(255, 255, 255)",43618.86703775911
201,227_2_9,227,227,Imperial Beach - Otay Mesa TC,3,MTS,,https://www.sdmts.com/schedules-real-time?fragment=227,CC0000,FFFFFF,Bus,227_2_9_227,"(0, 0, 153)","(255, 255, 255)",66956.63180489963
202,227_3_10,227,227,Imperial Beach - Otay Mesa TC,3,MTS,,https://www.sdmts.com/schedules-real-time?fragment=227,CC0000,FFFFFF,Bus,227_3_10_227,"(0, 0, 153)","(255, 255, 255)",70406.17259080027
203,227_3_11,227,227,Imperial Beach - Otay Mesa TC,3,MTS,,https://www.sdmts.com/schedules-real-time?fragment=227,CC0000,FFFFFF,Bus,227_3_11_227,"(0, 0, 153)","(255, 255, 255)",42640.38890052083
204,235_0_65,235,235,Downtown - Escondido Transit Center,3,MTS,,https://www.sdmts.com/schedules-real-time?fragment=235,CC0000,FFFFFF,Bus,235_0_65_235,"(0, 0, 153)","(255, 255, 255)",202901.64418038548
205,235_1_66,235,235,Downtown - Escondido Transit Center,3,MTS,,https://www.sdmts.com/schedules-real-time?fragment=235,CC0000,FFFFFF,Bus,235_1_66_235,"(0, 0, 153)","(255, 255, 255)",200855.2329820128
206,235_1_67,235,235,Downtown - Escondido Transit Center,3,MTS,,https://www.sdmts.com/schedules-real-time?fragment=235,CC0000,FFFFFF,Bus,235_1_67_235,"(0, 0, 153)","(255, 255, 255)",104925.66771381172
207,235_1_68,235,235,Downtown - Escondido Transit Center,3,MTS,,https://www.sdmts.com/schedules-real-time?fragment=235,CC0000,FFFFFF,Bus,235_1_68_235,"(0, 0, 153)","(255, 255, 255)",67056.83146447109
208,237_0_34,237,237,Miramar College Transit Station - UCSD,3,MTS,,https://www.sdmts.com/schedules-real-time?fragment=237,CC0000,FFFFFF,Bus,237_0_34_237,"(0, 0, 153)","(255, 255, 255)",51960.60436656547
209,237_1_33,237,237,Miramar College Transit Station - UCSD,3,MTS,,https://www.sdmts.com/schedules-real-time?fragment=237,CC0000,FFFFFF,Bus,237_1_33_237,"(0, 0, 153)","(255, 255, 255)",54201.00061930456
210,25_0_90,25,25,Fashion Valley - Kearny Mesa TC,3,MTS,,https://www.sdmts.com/schedules-real-time?fragment=25,000099,FFFFFF,Bus,25_0_90_25,"(0, 0, 153)","(255, 255, 255)",28197.830046042087
211,25_0_97,25,25,Fashion Valley - Kearny Mesa TC,3,MTS,,https://www.sdmts.com/schedules-real-time?fragment=25,000099,FFFFFF,Bus,25_0_97_25,"(0, 0, 153)","(255, 255, 255)",62086.493306505494
212,25_1_93,25,25,Fashion Valley - Kearny Mesa TC,3,MTS,,https://www.sdmts.com/schedules-real-time?fragment=25,000099,FFFFFF,Bus,25_1_93_25,"(0, 0, 153)","(255, 255, 255)",40323.17249601562
213,25_1_96,25,25,Fashion Valley - Kearny Mesa TC,3,MTS,,https://www.sdmts.com/schedules-real-time?fragment=25,000099,FFFFFF,Bus,25_1_96_25,"(0, 0, 153)","(255, 255, 255)",69563.35491350715
214,27_2_86,27,27,Pacific Beach - Kearny Mesa Transit Center,3,MTS,,https://www.sdmts.com/schedules-real-time?fragment=27,000099,FFFFFF,Bus,27_2_86_27,"(0, 0, 153)","(255, 255, 255)",43815.727976232345
215,27_2_90,27,27,Pacific Beach - Kearny Mesa Transit Center,3,MTS,,https://www.sdmts.com/schedules-real-time?fragment=27,000099,FFFFFF,Bus,27_2_90_27,"(0, 0, 153)","(255, 255, 255)",29521.67502304332
216,27_3_87,27,27,Pacific Beach - Kearny Mesa Transit Center,3,MTS,,https://www.sdmts.com/schedules-real-time?fragment=27,000099,FFFFFF,Bus,27_3_87_27,"(0, 0, 153)","(255, 255, 255)",47247.33282717948
217,27_3_88,27,27,Pacific Beach - Kearny Mesa Transit Center,3,MTS,,https://www.sdmts.com/schedules-real-time?fragment=27,000099,FFFFFF,Bus,27_3_88_27,"(0, 0, 153)","(255, 255, 255)",30431.786345596847
218,27_3_89,27,27,Pacific Beach - Kearny Mesa Transit Center,3,MTS,,https://www.sdmts.com/schedules-real-time?fragment=27,000099,FFFFFF,Bus,27_3_89_27,"(0, 0, 153)","(255, 255, 255)",16815.54648158265
219,280_0_20,280,280,Escondido Transit Center - Downtown,3,MTS,,https://www.sdmts.com/schedules-real-time?fragment=280,CC0000,FFFFFF,Bus,280_0_20_280,"(0, 0, 153)","(255, 255, 255)",176633.7577505455
220,280_1_21,280,280,Escondido Transit Center - Downtown,3,MTS,,https://www.sdmts.com/schedules-real-time?fragment=280,CC0000,FFFFFF,Bus,280_1_21_280,"(0, 0, 153)","(255, 255, 255)",175548.11459616298
221,28_2_54,28,28,Old Town T.C. - Shelter Island,3,MTS,,https://www.sdmts.com/schedules-real-time?fragment=28,000099,FFFFFF,Bus,28_2_54_28,"(0, 0, 153)","(255, 255, 255)",17587.224798119816
222,28_3_53,28,28,Old Town T.C. - Shelter Island,3,MTS,,https://www.sdmts.com/schedules-real-time?fragment=28,000099,FFFFFF,Bus,28_3_53_28,"(0, 0, 153)","(255, 255, 255)",18369.686833687927
223,290_0_19,290,290,Rancho Bernardo Station - Downtown,3,MTS,,https://www.sdmts.com/schedules-real-time?fragment=290,CC0000,FFFFFF,Bus,290_0_19_290,"(0, 0, 153)","(255, 255, 255)",131625.84937111923
224,290_1_18,290,290,Rancho Bernardo Station - Downtown,3,MTS,,https://www.sdmts.com/schedules-real-time?fragment=290,CC0000,FFFFFF,Bus,290_1_18_290,"(0, 0, 153)","(255, 255, 255)",130389.08569828833
225,2_0_85,2,2,Downtown San Diego - 30th & Adams,3,MTS,,https://www.sdmts.com/schedules-real-time?fragment=2,000099,FFFFFF,Bus,2_0_85_2,"(0, 0, 153)","(255, 255, 255)",30963.67924795016
226,2_1_86,2,2,Downtown San Diego - 30th & Adams,3,MTS,,https://www.sdmts.com/schedules-real-time?fragment=2,000099,FFFFFF,Bus,2_1_86_2,"(0, 0, 153)","(255, 255, 255)",30415.18109049316
227,30_0_343,30,30,Old Town  - UTC via Pacific Beach,3,MTS,,https://www.sdmts.com/schedules-real-time?fragment=30,000099,FFFFFF,Bus,30_0_343_30,"(0, 0, 153)","(255, 255, 255)",34614.28246435095
228,30_0_345,30,30,Old Town  - UTC via Pacific Beach,3,MTS,,https://www.sdmts.com/schedules-real-time?fragment=30,000099,FFFFFF,Bus,30_0_345_30,"(0, 0, 153)","(255, 255, 255)",93851.14310226789
229,30_1_334,30,30,Old Town  - UTC via Pacific Beach,3,MTS,,https://www.sdmts.com/schedules-real-time?fragment=30,000099,FFFFFF,Bus,30_1_334_30,"(0, 0, 153)","(255, 255, 255)",36972.11292342586
230,30_1_341,30,30,Old Town  - UTC via Pacific Beach,3,MTS,,https://www.sdmts.com/schedules-real-time?fragment=30,000099,FFFFFF,Bus,30_1_341_30,"(0, 0, 153)","(255, 255, 255)",91469.60733616968
231,30_1_342,30,30,Old Town  - UTC via Pacific Beach,3,MTS,,https://www.sdmts.com/schedules-real-time?fragment=30,000099,FFFFFF,Bus,30_1_342_30,"(0, 0, 153)","(255, 255, 255)",55134.73427150579
232,31_2_41,31,31,UTC - Mira Mesa,3,MTS,,https://www.sdmts.com/schedules-real-time?fragment=31,000099,FFFFFF,Bus,31_2_41_31,"(0, 0, 153)","(255, 255, 255)",41472.01997390865
233,31_3_42,31,31,UTC - Mira Mesa,3,MTS,,https://www.sdmts.com/schedules-real-time?fragment=31,000099,FFFFFF,Bus,31_3_42_31,"(0, 0, 153)","(255, 255, 255)",40439.845592699734
234,35_2_53,35,35,Ocean Beach - Old Town,3,MTS,,https://www.sdmts.com/schedules-real-time?fragment=35,000099,FFFFFF,Bus,35_2_53_35,"(0, 0, 153)","(255, 255, 255)",21319.461234165905
235,35_3_52,35,35,Ocean Beach - Old Town,3,MTS,,https://www.sdmts.com/schedules-real-time?fragment=35,000099,FFFFFF,Bus,35_3_52_35,"(0, 0, 153)","(255, 255, 255)",19522.746996141435
236,3_0_98,3,3,UCSD Hospital - Euclid Transit Center,3,MTS,,https://www.sdmts.com/schedules-real-time?fragment=3,000099,FFFFFF,Bus,3_0_98_3,"(0, 0, 153)","(255, 255, 255)",49428.17518870043
237,3_1_93,3,3,UCSD Hospital - Euclid Transit Center,3,MTS,,https://www.sdmts.com/schedules-real-time?fragment=3,000099,FFFFFF,Bus,3_1_93_3,"(0, 0, 153)","(255, 255, 255)",49532.97390986967
238,41_0_104,41,41,Fashion Valley -  UCSD,3,MTS,,https://www.sdmts.com/schedules-real-time?fragment=41,000099,FFFFFF,Bus,41_0_104_41,"(0, 0, 153)","(255, 255, 255)",51172.74722695186
239,41_0_105,41,41,Fashion Valley -  UCSD,3,MTS,,https://www.sdmts.com/schedules-real-time?fragment=41,000099,FFFFFF,Bus,41_0_105_41,"(0, 0, 153)","(255, 255, 255)",61159.20367779548
240,41_0_108,41,41,Fashion Valley -  UCSD,3,MTS,,https://www.sdmts.com/schedules-real-time?fragment=41,000099,FFFFFF,Bus,41_0_108_41,"(0, 0, 153)","(255, 255, 255)",31739.083035338834
241,41_1_110,41,41,Fashion Valley -  UCSD,3,MTS,,https://www.sdmts.com/schedules-real-time?fragment=41,000099,FFFFFF,Bus,41_1_110_41,"(0, 0, 153)","(255, 255, 255)",51995.743496547184
242,41_1_111,41,41,Fashion Valley -  UCSD,3,MTS,,https://www.sdmts.com/schedules-real-time?fragment=41,000099,FFFFFF,Bus,41_1_111_41,"(0, 0, 153)","(255, 255, 255)",63617.60318680159
243,41_1_112,41,41,Fashion Valley -  UCSD,3,MTS,,https://www.sdmts.com/schedules-real-time?fragment=41,000099,FFFFFF,Bus,41_1_112_41,"(0, 0, 153)","(255, 255, 255)",34212.41564794243
244,43_2_5,43,43,Balboa Av TC - Kearny Mesa,3,MTS,,https://www.sdmts.com/schedules-real-time?fragment=43,000099,FFFFFF,Bus,43_2_5_43,"(0, 0, 153)","(255, 255, 255)",35531.373613297605
245,43_3_6,43,43,Balboa Av TC - Kearny Mesa,3,MTS,,https://www.sdmts.com/schedules-real-time?fragment=43,000099,FFFFFF,Bus,43_3_6_43,"(0, 0, 153)","(255, 255, 255)",37603.69741081959
246,44_0_77,44,44,Old Town - Kearny Mesa,3,MTS,,https://www.sdmts.com/schedules-real-time?fragment=44,000099,FFFFFF,Bus,44_0_77_44,"(0, 0, 153)","(255, 255, 255)",40318.76875606318
247,44_0_78,44,44,Old Town - Kearny Mesa,3,MTS,,https://www.sdmts.com/schedules-real-time?fragment=44,000099,FFFFFF,Bus,44_0_78_44,"(0, 0, 153)","(255, 255, 255)",46207.521357616526
248,44_0_79,44,44,Old Town - Kearny Mesa,3,MTS,,https://www.sdmts.com/schedules-real-time?fragment=44,000099,FFFFFF,Bus,44_0_79_44,"(0, 0, 153)","(255, 255, 255)",26635.399618074134
249,44_1_63,44,44,Old Town - Kearny Mesa,3,MTS,,https://www.sdmts.com/schedules-real-time?fragment=44,000099,FFFFFF,Bus,44_1_63_44,"(0, 0, 153)","(255, 255, 255)",25808.280384799127
250,44_1_76,44,44,Old Town - Kearny Mesa,3,MTS,,https://www.sdmts.com/schedules-real-time?fragment=44,000099,FFFFFF,Bus,44_1_76_44,"(0, 0, 153)","(255, 255, 255)",47065.06004258227
251,44_1_80,44,44,Old Town - Kearny Mesa,3,MTS,,https://www.sdmts.com/schedules-real-time?fragment=44,000099,FFFFFF,Bus,44_1_80_44,"(0, 0, 153)","(255, 255, 255)",39384.059819845694
252,4_2_63,4,4,12th & Imperial Trolley - Lomita Village,3,MTS,,https://www.sdmts.com/schedules-real-time?fragment=4,000099,FFFFFF,Bus,4_2_63_4,"(0, 0, 153)","(255, 255, 255)",24733.71015271409
253,4_2_65,4,4,12th & Imperial Trolley - Lomita Village,3,MTS,,https://www.sdmts.com/schedules-real-time?fragment=4,000099,FFFFFF,Bus,4_2_65_4,"(0, 0, 153)","(255, 255, 255)",58044.584659248416
254,4_3_62,4,4,12th & Imperial Trolley - Lomita Village,3,MTS,,https://www.sdmts.com/schedules-real-time?fragment=4,000099,FFFFFF,Bus,4_3_62_4,"(0, 0, 153)","(255, 255, 255)",23868.25953862152
255,4_3_64,4,4,12th & Imperial Trolley - Lomita Village,3,MTS,,https://www.sdmts.com/schedules-real-time?fragment=4,000099,FFFFFF,Bus,4_3_64_4,"(0, 0, 153)","(255, 255, 255)",58758.49581794831
256,4_3_66,4,4,12th & Imperial Trolley - Lomita Village,3,MTS,,https://www.sdmts.com/schedules-real-time?fragment=4,000099,FFFFFF,Bus,4_3_66_4,"(0, 0, 153)","(255, 255, 255)",57420.53202997397
257,510_0_323,510,Blue,San Ysidro - UTC,0,MTS,,https://www.sdmts.com/schedules-real-time?fragment=blue_line,0000FF,FFFFFF,"Tram, Streetcar, Light rail",510_0_323_510,"(0, 0, 153)","(255, 255, 255)",83192.49766982676
258,510_0_324,510,Blue,San Ysidro - UTC,0,MTS,,https://www.sdmts.com/schedules-real-time?fragment=blue_line,0000FF,FFFFFF,"Tram, Streetcar, Light rail",510_0_324_510,"(0, 0, 153)","(255, 255, 255)",83128.75196922978
259,510_0_352,510,Blue,San Ysidro - UTC,0,MTS,,https://www.sdmts.com/schedules-real-time?fragment=blue_line,0000FF,FFFFFF,"Tram, Streetcar, Light rail",510_0_352_510,"(0, 0, 153)","(255, 255, 255)",160069.95378070016
260,510_0_354,510,Blue,San Ysidro - UTC,0,MTS,,https://www.sdmts.com/schedules-real-time?fragment=blue_line,0000FF,FFFFFF,"Tram, Streetcar, Light rail",510_0_354_510,"(0, 0, 153)","(255, 255, 255)",85411.74769176931
261,510_0_357,510,Blue,San Ysidro - UTC,0,MTS,,https://www.sdmts.com/schedules-real-time?fragment=blue_line,0000FF,FFFFFF,"Tram, Streetcar, Light rail",510_0_357_510,"(0, 0, 153)","(255, 255, 255)",75992.1020248078
262,510_1_326,510,Blue,San Ysidro - UTC,0,MTS,,https://www.sdmts.com/schedules-real-time?fragment=blue_line,0000FF,FFFFFF,"Tram, Streetcar, Light rail",510_1_326_510,"(0, 0, 153)","(255, 255, 255)",83128.88153769009
263,510_1_329,510,Blue,San Ysidro - UTC,0,MTS,,https://www.sdmts.com/schedules-real-time?fragment=blue_line,0000FF,FFFFFF,"Tram, Streetcar, Light rail",510_1_329_510,"(0, 0, 153)","(255, 255, 255)",70898.69355724669
264,510_1_330,510,Blue,San Ysidro - UTC,0,MTS,,https://www.sdmts.com/schedules-real-time?fragment=blue_line,0000FF,FFFFFF,"Tram, Streetcar, Light rail",510_1_330_510,"(0, 0, 153)","(255, 255, 255)",120854.06782333048
265,510_1_348,510,Blue,San Ysidro - UTC,0,MTS,,https://www.sdmts.com/schedules-real-time?fragment=blue_line,0000FF,FFFFFF,"Tram, Streetcar, Light rail",510_1_348_510,"(0, 0, 153)","(255, 255, 255)",160070.15378404624
266,510_1_350,510,Blue,San Ysidro - UTC,0,MTS,,https://www.sdmts.com/schedules-real-time?fragment=blue_line,0000FF,FFFFFF,"Tram, Streetcar, Light rail",510_1_350_510,"(0, 0, 153)","(255, 255, 255)",85463.26653902588
267,510_1_367,510,Blue,San Ysidro - UTC,0,MTS,,https://www.sdmts.com/schedules-real-time?fragment=blue_line,0000FF,FFFFFF,"Tram, Streetcar, Light rail",510_1_367_510,"(0, 0, 153)","(255, 255, 255)",69387.3909537549
268,520_2_280,520,Orange,El Cajon - Courthouse,0,MTS,,https://www.sdmts.com/schedules-real-time?fragment=orange_line,FF6600,FFFFFF,"Tram, Streetcar, Light rail",520_2_280_520,"(0, 0, 153)","(255, 255, 255)",88453.06369316156
269,520_2_284,520,Orange,El Cajon - Courthouse,0,MTS,,https://www.sdmts.com/schedules-real-time?fragment=orange_line,FF6600,FFFFFF,"Tram, Streetcar, Light rail",520_2_284_520,"(0, 0, 153)","(255, 255, 255)",76133.70650269023
270,520_2_285,520,Orange,El Cajon - Courthouse,0,MTS,,https://www.sdmts.com/schedules-real-time?fragment=orange_line,FF6600,FFFFFF,"Tram, Streetcar, Light rail",520_2_285_520,"(0, 0, 153)","(255, 255, 255)",87354.80569601609
271,520_3_281,520,Orange,El Cajon - Courthouse,0,MTS,,https://www.sdmts.com/schedules-real-time?fragment=orange_line,FF6600,FFFFFF,"Tram, Streetcar, Light rail",520_3_281_520,"(0, 0, 153)","(255, 255, 255)",89371.76523260369
272,520_3_283,520,Orange,El Cajon - Courthouse,0,MTS,,https://www.sdmts.com/schedules-real-time?fragment=orange_line,FF6600,FFFFFF,"Tram, Streetcar, Light rail",520_3_283_520,"(0, 0, 153)","(255, 255, 255)",88453.05777065273
273,530_2_354,530,Green,El Cajon - 12th & Imperial,0,MTS,,https://www.sdmts.com/schedules-real-time?fragment=green_line,009900,FFFFFF,"Tram, Streetcar, Light rail",530_2_354_530,"(0, 0, 153)","(255, 255, 255)",107497.0413805052
274,530_2_356,530,Green,El Cajon - 12th & Imperial,0,MTS,,https://www.sdmts.com/schedules-real-time?fragment=green_line,009900,FFFFFF,"Tram, Streetcar, Light rail",530_2_356_530,"(0, 0, 153)","(255, 255, 255)",105472.86580148512
275,530_3_333,530,Green,El Cajon - 12th & Imperial,0,MTS,,https://www.sdmts.com/schedules-real-time?fragment=green_line,009900,FFFFFF,"Tram, Streetcar, Light rail",530_3_333_530,"(0, 0, 153)","(255, 255, 255)",54490.587989866624
276,530_3_355,530,Green,El Cajon - 12th & Imperial,0,MTS,,https://www.sdmts.com/schedules-real-time?fragment=green_line,009900,FFFFFF,"Tram, Streetcar, Light rail",530_3_355_530,"(0, 0, 153)","(255, 255, 255)",107478.01242271106
277,5_2_91,5,5,Downtown San Diego - Euclid Transit Center,3,MTS,,https://www.sdmts.com/schedules-real-time?fragment=5,000099,FFFFFF,Bus,5_2_91_5,"(0, 0, 153)","(255, 255, 255)",24100.097647021972
278,5_3_90,5,5,Downtown San Diego - Euclid Transit Center,3,MTS,,https://www.sdmts.com/schedules-real-time?fragment=5,000099,FFFFFF,Bus,5_3_90_5,"(0, 0, 153)","(255, 255, 255)",24741.91089884234
279,60_0_24,60,60,Euclid Av Transit Center - UTC  via Convoy,3,MTS,,https://www.sdmts.com/schedules-real-time?fragment=60,000099,FFFFFF,Bus,60_0_24_60,"(0, 0, 153)","(255, 255, 255)",94496.06360169341
280,60_1_23,60,60,Euclid Av Transit Center - UTC  via Convoy,3,MTS,,https://www.sdmts.com/schedules-real-time?fragment=60,000099,FFFFFF,Bus,60_1_23_60,"(0, 0, 153)","(255, 255, 255)",94885.9512316992
281,6_2_79,6,6,North Park - Fashion Valley,3,MTS,,https://www.sdmts.com/schedules-real-time?fragment=6,000099,FFFFFF,Bus,6_2_79_6,"(0, 0, 153)","(255, 255, 255)",23522.272790151015
282,6_3_78,6,6,North Park - Fashion Valley,3,MTS,,https://www.sdmts.com/schedules-real-time?fragment=6,000099,FFFFFF,Bus,6_3_78_6,"(0, 0, 153)","(255, 255, 255)",21657.333294921453
283,6_3_80,6,6,North Park - Fashion Valley,3,MTS,,https://www.sdmts.com/schedules-real-time?fragment=6,000099,FFFFFF,Bus,6_3_80_6,"(0, 0, 153)","(255, 255, 255)",21034.686344751335
284,701_0_24,701,701,H St Transit Center - Palomar St TC via Hilltop Dr,3,MTS,,https://www.sdmts.com/schedules-real-time?fragment=701,000099,FFFFFF,Bus,701_0_24_701,"(0, 0, 153)","(255, 255, 255)",45088.07115862682
285,701_1_25,701,701,H St Transit Center - Palomar St TC via Hilltop Dr,3,MTS,,https://www.sdmts.com/schedules-real-time?fragment=701,000099,FFFFFF,Bus,701_1_25_701,"(0, 0, 153)","(255, 255, 255)",45050.27622458942
286,704_0_74,704,704,E St Transit Center - Palomar Transit Center,3,MTS,,https://www.sdmts.com/schedules-real-time?fragment=704,000099,FFFFFF,Bus,704_0_74_704,"(0, 0, 153)","(255, 255, 255)",70553.87041003878
287,704_0_75,704,704,E St Transit Center - Palomar Transit Center,3,MTS,,https://www.sdmts.com/schedules-real-time?fragment=704,000099,FFFFFF,Bus,704_0_75_704,"(0, 0, 153)","(255, 255, 255)",33546.45737259666
288,704_0_77,704,704,E St Transit Center - Palomar Transit Center,3,MTS,,https://www.sdmts.com/schedules-real-time?fragment=704,000099,FFFFFF,Bus,704_0_77_704,"(0, 0, 153)","(255, 255, 255)",37007.41303744215
289,704_0_79,704,704,E St Transit Center - Palomar Transit Center,3,MTS,,https://www.sdmts.com/schedules-real-time?fragment=704,000099,FFFFFF,Bus,704_0_79_704,"(0, 0, 153)","(255, 255, 255)",32868.67375724053
290,704_1_71,704,704,E St Transit Center - Palomar Transit Center,3,MTS,,https://www.sdmts.com/schedules-real-time?fragment=704,000099,FFFFFF,Bus,704_1_71_704,"(0, 0, 153)","(255, 255, 255)",19577.398788926315
291,704_1_76,704,704,E St Transit Center - Palomar Transit Center,3,MTS,,https://www.sdmts.com/schedules-real-time?fragment=704,000099,FFFFFF,Bus,704_1_76_704,"(0, 0, 153)","(255, 255, 255)",34079.8625570756
292,704_1_78,704,704,E St Transit Center - Palomar Transit Center,3,MTS,,https://www.sdmts.com/schedules-real-time?fragment=704,000099,FFFFFF,Bus,704_1_78_704,"(0, 0, 153)","(255, 255, 255)",71058.06508941347
293,705_2_42,705,705,E St Transit Center - Plaza Bonita,3,MTS,,https://www.sdmts.com/schedules-real-time?fragment=705,000099,FFFFFF,Bus,705_2_42_705,"(0, 0, 153)","(255, 255, 255)",49106.16716121446
294,705_2_43,705,705,E St Transit Center - Plaza Bonita,3,MTS,,https://www.sdmts.com/schedules-real-time?fragment=705,000099,FFFFFF,Bus,705_2_43_705,"(0, 0, 153)","(255, 255, 255)",18969.987593293146
295,705_3_44,705,705,E St Transit Center - Plaza Bonita,3,MTS,,https://www.sdmts.com/schedules-real-time?fragment=705,000099,FFFFFF,Bus,705_3_44_705,"(0, 0, 153)","(255, 255, 255)",19782.715316059875
296,705_3_45,705,705,E St Transit Center - Plaza Bonita,3,MTS,,https://www.sdmts.com/schedules-real-time?fragment=705,000099,FFFFFF,Bus,705_3_45_705,"(0, 0, 153)","(255, 255, 255)",48893.78221083224
297,707_0_15,707,707,Otay Ranch Town Center - Southwestern College,3,MTS,,https://www.sdmts.com/schedules-real-time?fragment=707,000099,FFFFFF,Bus,707_0_15_707,"(0, 0, 153)","(255, 255, 255)",35485.34208077197
298,707_1_16,707,707,Otay Ranch Town Center - Southwestern College,3,MTS,,https://www.sdmts.com/schedules-real-time?fragment=707,000099,FFFFFF,Bus,707_1_16_707,"(0, 0, 153)","(255, 255, 255)",32082.52906911075
299,709_2_117,709,709,H St Transit Center - Otay Ranch Town Center,3,MTS,,https://www.sdmts.com/schedules-real-time?fragment=709,000099,FFFFFF,Bus,709_2_117_709,"(0, 0, 153)","(255, 255, 255)",33332.253581117235
300,709_2_121,709,709,H St Transit Center - Otay Ranch Town Center,3,MTS,,https://www.sdmts.com/schedules-real-time?fragment=709,000099,FFFFFF,Bus,709_2_121_709,"(0, 0, 153)","(255, 255, 255)",48660.85674167648
301,709_3_118,709,709,H St Transit Center - Otay Ranch Town Center,3,MTS,,https://www.sdmts.com/schedules-real-time?fragment=709,000099,FFFFFF,Bus,709_3_118_709,"(0, 0, 153)","(255, 255, 255)",34429.720498535295
302,709_3_122,709,709,H St Transit Center - Otay Ranch Town Center,3,MTS,,https://www.sdmts.com/schedules-real-time?fragment=709,000099,FFFFFF,Bus,709_3_122_709,"(0, 0, 153)","(255, 255, 255)",47776.24989573613
303,712_2_83,712,712,Palomar Transit Center - Southwestern College,3,MTS,,https://www.sdmts.com/schedules-real-time?fragment=712,000099,FFFFFF,Bus,712_2_83_712,"(0, 0, 153)","(255, 255, 255)",39485.92218528558
304,712_3_84,712,712,Palomar Transit Center - Southwestern College,3,MTS,,https://www.sdmts.com/schedules-real-time?fragment=712,000099,FFFFFF,Bus,712_3_84_712,"(0, 0, 153)","(255, 255, 255)",39428.71088591844
305,712_3_85,712,712,Palomar Transit Center - Southwestern College,3,MTS,,https://www.sdmts.com/schedules-real-time?fragment=712,000099,FFFFFF,Bus,712_3_85_712,"(0, 0, 153)","(255, 255, 255)",29386.028410600906
306,7_0_286,7,7,Downtown San Diego - University/College,3,MTS,,https://www.sdmts.com/schedules-real-time?fragment=7,000099,FFFFFF,Bus,7_0_286_7,"(0, 0, 153)","(255, 255, 255)",44233.7389187732
307,7_0_287,7,7,Downtown San Diego - University/College,3,MTS,,https://www.sdmts.com/schedules-real-time?fragment=7,000099,FFFFFF,Bus,7_0_287_7,"(0, 0, 153)","(255, 255, 255)",38740.69050876224
308,7_0_288,7,7,Downtown San Diego - University/College,3,MTS,,https://www.sdmts.com/schedules-real-time?fragment=7,000099,FFFFFF,Bus,7_0_288_7,"(0, 0, 153)","(255, 255, 255)",33914.88623582353
309,7_1_283,7,7,Downtown San Diego - University/College,3,MTS,,https://www.sdmts.com/schedules-real-time?fragment=7,000099,FFFFFF,Bus,7_1_283_7,"(0, 0, 153)","(255, 255, 255)",44243.639562940785
310,7_1_284,7,7,Downtown San Diego - University/College,3,MTS,,https://www.sdmts.com/schedules-real-time?fragment=7,000099,FFFFFF,Bus,7_1_284_7,"(0, 0, 153)","(255, 255, 255)",29242.618095901704
311,815_2_22,815,815,El Cajon Transit Center - East Main St,3,MTS,,https://www.sdmts.com/schedules-real-time?fragment=815,000099,FFFFFF,Bus,815_2_22_815,"(0, 0, 153)","(255, 255, 255)",16948.413468234325
312,815_3_23,815,815,El Cajon Transit Center - East Main St,3,MTS,,https://www.sdmts.com/schedules-real-time?fragment=815,000099,FFFFFF,Bus,815_3_23_815,"(0, 0, 153)","(255, 255, 255)",19538.202879541164
313,816_2_23,816,816,El Cajon TC - Cuyamaca College,3,MTS,,https://www.sdmts.com/schedules-real-time?fragment=816,000099,FFFFFF,Bus,816_2_23_816,"(0, 0, 153)","(255, 255, 255)",37701.16849148862
314,816_3_22,816,816,El Cajon TC - Cuyamaca College,3,MTS,,https://www.sdmts.com/schedules-real-time?fragment=816,000099,FFFFFF,Bus,816_3_22_816,"(0, 0, 153)","(255, 255, 255)",36927.18916047191
315,832_8_10,832,832,Santee Center - NE Santee Loop Clockwise,3,MTS,,https://www.sdmts.com/schedules-real-time?fragment=832,000099,FFFFFF,Bus,832_8_10_832,"(0, 0, 153)","(255, 255, 255)",29215.920657544913
316,833_0_55,833,833,Santee Center - Parkway Plaza,3,MTS,,https://www.sdmts.com/schedules-real-time?fragment=833,000099,FFFFFF,Bus,833_0_55_833,"(0, 0, 153)","(255, 255, 255)",39853.35340743318
317,833_0_56,833,833,Santee Center - Parkway Plaza,3,MTS,,https://www.sdmts.com/schedules-real-time?fragment=833,000099,FFFFFF,Bus,833_0_56_833,"(0, 0, 153)","(255, 255, 255)",36456.61576993527
318,833_1_48,833,833,Santee Center - Parkway Plaza,3,MTS,,https://www.sdmts.com/schedules-real-time?fragment=833,000099,FFFFFF,Bus,833_1_48_833,"(0, 0, 153)","(255, 255, 255)",39253.234377338915
319,833_1_49,833,833,Santee Center - Parkway Plaza,3,MTS,,https://www.sdmts.com/schedules-real-time?fragment=833,000099,FFFFFF,Bus,833_1_49_833,"(0, 0, 153)","(255, 255, 255)",35856.496739841015
320,834_8_21,834,834,West Santee Loop,3,MTS,,https://www.sdmts.com/schedules-real-time?fragment=834,000099,FFFFFF,Bus,834_8_21_834,"(0, 0, 153)","(255, 255, 255)",39661.03967150595
321,838_2_7,838,838,East County Square - Viejas,3,MTS,,https://www.sdmts.com/schedules-real-time?fragment=838,000099,FFFFFF,Bus,838_2_7_838,"(0, 0, 153)","(255, 255, 255)",75962.43138109405
322,838_2_8,838,838,East County Square - Viejas,3,MTS,,https://www.sdmts.com/schedules-real-time?fragment=838,000099,FFFFFF,Bus,838_2_8_838,"(0, 0, 153)","(255, 255, 255)",75441.63943986902
323,838_3_10,838,838,East County Square - Viejas,3,MTS,,https://www.sdmts.com/schedules-real-time?fragment=838,000099,FFFFFF,Bus,838_3_10_838,"(0, 0, 153)","(255, 255, 255)",76618.1653987393
324,83_0_29,83,83,Downtown San Diego - Old Town,3,MTS,,https://www.sdmts.com/schedules-real-time?fragment=83,000099,FFFFFF,Bus,83_0_29_83,"(0, 0, 153)","(255, 255, 255)",24432.40947508114
325,83_1_26,83,83,Downtown San Diego - Old Town,3,MTS,,https://www.sdmts.com/schedules-real-time?fragment=83,000099,FFFFFF,Bus,83_1_26_83,"(0, 0, 153)","(255, 255, 255)",13897.758097870303
326,83_1_28,83,83,Downtown San Diego - Old Town,3,MTS,,https://www.sdmts.com/schedules-real-time?fragment=83,000099,FFFFFF,Bus,83_1_28_83,"(0, 0, 153)","(255, 255, 255)",25677.46502277636
327,848_0_50,848,848,El Cajon - Lakeside,3,MTS,,https://www.sdmts.com/schedules-real-time?fragment=848,000099,FFFFFF,Bus,848_0_50_848,"(0, 0, 153)","(255, 255, 255)",43242.61804892379
328,848_0_51,848,848,El Cajon - Lakeside,3,MTS,,https://www.sdmts.com/schedules-real-time?fragment=848,000099,FFFFFF,Bus,848_0_51_848,"(0, 0, 153)","(255, 255, 255)",46639.35568642167
329,848_1_45,848,848,El Cajon - Lakeside,3,MTS,,https://www.sdmts.com/schedules-real-time?fragment=848,000099,FFFFFF,Bus,848_1_45_848,"(0, 0, 153)","(255, 255, 255)",42392.38872863053
330,848_1_48,848,848,El Cajon - Lakeside,3,MTS,,https://www.sdmts.com/schedules-real-time?fragment=848,000099,FFFFFF,Bus,848_1_48_848,"(0, 0, 153)","(255, 255, 255)",45789.125022033026
331,84_0_62,84,84,Point Loma Shuttle,3,MTS,,https://www.sdmts.com/schedules-real-time?fragment=84,000099,FFFFFF,Bus,84_0_62_84,"(0, 0, 153)","(255, 255, 255)",19711.024346408816
332,84_0_65,84,84,Point Loma Shuttle,3,MTS,,https://www.sdmts.com/schedules-real-time?fragment=84,000099,FFFFFF,Bus,84_0_65_84,"(0, 0, 153)","(255, 255, 255)",33078.0461310545
333,84_1_58,84,84,Point Loma Shuttle,3,MTS,,https://www.sdmts.com/schedules-real-time?fragment=84,000099,FFFFFF,Bus,84_1_58_84,"(0, 0, 153)","(255, 255, 255)",33807.5224065562
334,84_1_59,84,84,Point Loma Shuttle,3,MTS,,https://www.sdmts.com/schedules-real-time?fragment=84,000099,FFFFFF,Bus,84_1_59_84,"(0, 0, 153)","(255, 255, 255)",19499.616835462053
335,84_1_63,84,84,Point Loma Shuttle,3,MTS,,https://www.sdmts.com/schedules-real-time?fragment=84,000099,FFFFFF,Bus,84_1_63_84,"(0, 0, 153)","(255, 255, 255)",6358.455791037607
336,84_1_64,84,84,Point Loma Shuttle,3,MTS,,https://www.sdmts.com/schedules-real-time?fragment=84,000099,FFFFFF,Bus,84_1_64_84,"(0, 0, 153)","(255, 255, 255)",33160.235210527346
337,851_0_19,851,851,Spring Valley - La Mesa,3,MTS,,https://www.sdmts.com/schedules-real-time?fragment=851,000099,FFFFFF,Bus,851_0_19_851,"(0, 0, 153)","(255, 255, 255)",27073.841202563624
338,851_1_18,851,851,Spring Valley - La Mesa,3,MTS,,https://www.sdmts.com/schedules-real-time?fragment=851,000099,FFFFFF,Bus,851_1_18_851,"(0, 0, 153)","(255, 255, 255)",33559.24635491331
339,852_2_17,852,852,University & 54th - Grossmont Transit Ctr,3,MTS,,https://www.sdmts.com/schedules-real-time?fragment=852,000099,FFFFFF,Bus,852_2_17_852,"(0, 0, 153)","(255, 255, 255)",34231.57680195547
340,852_3_18,852,852,University & 54th - Grossmont Transit Ctr,3,MTS,,https://www.sdmts.com/schedules-real-time?fragment=852,000099,FFFFFF,Bus,852_3_18_852,"(0, 0, 153)","(255, 255, 255)",36359.922464920586
341,854_0_49,854,854,Grossmont Transit Ctr -- Grossmont College,3,MTS,,https://www.sdmts.com/schedules-real-time?fragment=854,000099,FFFFFF,Bus,854_0_49_854,"(0, 0, 153)","(255, 255, 255)",15760.669656516155
342,854_0_51,854,854,Grossmont Transit Ctr -- Grossmont College,3,MTS,,https://www.sdmts.com/schedules-real-time?fragment=854,000099,FFFFFF,Bus,854_0_51_854,"(0, 0, 153)","(255, 255, 255)",29397.51319951934
343,854_1_50,854,854,Grossmont Transit Ctr -- Grossmont College,3,MTS,,https://www.sdmts.com/schedules-real-time?fragment=854,000099,FFFFFF,Bus,854_1_50_854,"(0, 0, 153)","(255, 255, 255)",17105.842470658703
344,854_1_52,854,854,Grossmont Transit Ctr -- Grossmont College,3,MTS,,https://www.sdmts.com/schedules-real-time?fragment=854,000099,FFFFFF,Bus,854_1_52_854,"(0, 0, 153)","(255, 255, 255)",26513.89595884536
345,855_0_26,855,855,Rancho San Diego - La Mesa,3,MTS,,https://www.sdmts.com/schedules-real-time?fragment=855,000099,FFFFFF,Bus,855_0_26_855,"(0, 0, 153)","(255, 255, 255)",26460.525833864365
346,855_1_27,855,855,Rancho San Diego - La Mesa,3,MTS,,https://www.sdmts.com/schedules-real-time?fragment=855,000099,FFFFFF,Bus,855_1_27_855,"(0, 0, 153)","(255, 255, 255)",23678.6175479829
347,856_0_126,856,856,SDSU - Cuyamaca College,3,MTS,,https://www.sdmts.com/schedules-real-time?fragment=856,000099,FFFFFF,Bus,856_0_126_856,"(0, 0, 153)","(255, 255, 255)",59006.34817366654
348,856_0_131,856,856,SDSU - Cuyamaca College,3,MTS,,https://www.sdmts.com/schedules-real-time?fragment=856,000099,FFFFFF,Bus,856_0_131_856,"(0, 0, 153)","(255, 255, 255)",70138.64712280933
349,856_0_132,856,856,SDSU - Cuyamaca College,3,MTS,,https://www.sdmts.com/schedules-real-time?fragment=856,000099,FFFFFF,Bus,856_0_132_856,"(0, 0, 153)","(255, 255, 255)",60097.27861284734
350,856_1_128,856,856,SDSU - Cuyamaca College,3,MTS,,https://www.sdmts.com/schedules-real-time?fragment=856,000099,FFFFFF,Bus,856_1_128_856,"(0, 0, 153)","(255, 255, 255)",47367.03945804782
351,856_1_129,856,856,SDSU - Cuyamaca College,3,MTS,,https://www.sdmts.com/schedules-real-time?fragment=856,000099,FFFFFF,Bus,856_1_129_856,"(0, 0, 153)","(255, 255, 255)",58175.56018560576
352,856_1_133,856,856,SDSU - Cuyamaca College,3,MTS,,https://www.sdmts.com/schedules-real-time?fragment=856,000099,FFFFFF,Bus,856_1_133_856,"(0, 0, 153)","(255, 255, 255)",69954.73824500231
353,856_1_134,856,856,SDSU - Cuyamaca College,3,MTS,,https://www.sdmts.com/schedules-real-time?fragment=856,000099,FFFFFF,Bus,856_1_134_856,"(0, 0, 153)","(255, 255, 255)",59146.217517444355
354,864_2_177,864,864,El Cajon - East County Sq,3,MTS,,https://www.sdmts.com/schedules-real-time?fragment=864,000099,FFFFFF,Bus,864_2_177_864,"(0, 0, 153)","(255, 255, 255)",35867.121151580126
355,864_3_176,864,864,El Cajon - East County Sq,3,MTS,,https://www.sdmts.com/schedules-real-time?fragment=864,000099,FFFFFF,Bus,864_3_176_864,"(0, 0, 153)","(255, 255, 255)",36491.22489442047
356,864_3_178,864,864,El Cajon - East County Sq,3,MTS,,https://www.sdmts.com/schedules-real-time?fragment=864,000099,FFFFFF,Bus,864_3_178_864,"(0, 0, 153)","(255, 255, 255)",23362.970764520614
357,872_9_22,872,872,El Cajon Shuttle Loop Counterclockwise,3,MTS,,https://www.sdmts.com/schedules-real-time?fragment=872,000099,FFFFFF,Bus,872_9_22_872,"(0, 0, 153)","(255, 255, 255)",18263.637592750812
358,874_8_78,874,874,El Cajon Eastside Shuttle Clockwise,3,MTS,,https://www.sdmts.com/schedules-real-time?fragment=874,000099,FFFFFF,Bus,874_8_78_874,"(0, 0, 153)","(255, 255, 255)",18525.358804206295
359,874_8_79,874,874,El Cajon Eastside Shuttle Clockwise,3,MTS,,https://www.sdmts.com/schedules-real-time?fragment=874,000099,FFFFFF,Bus,874_8_79_874,"(0, 0, 153)","(255, 255, 255)",25932.93695292811
360,874_8_81,874,874,El Cajon Eastside Shuttle Clockwise,3,MTS,,https://www.sdmts.com/schedules-real-time?fragment=874,000099,FFFFFF,Bus,874_8_81_874,"(0, 0, 153)","(255, 255, 255)",51611.037299011536
361,874_8_82,874,874,El Cajon Eastside Shuttle Clockwise,3,MTS,,https://www.sdmts.com/schedules-real-time?fragment=874,000099,FFFFFF,Bus,874_8_82_874,"(0, 0, 153)","(255, 255, 255)",37203.1060018936
362,874_8_83,874,874,El Cajon Eastside Shuttle Clockwise,3,MTS,,https://www.sdmts.com/schedules-real-time?fragment=874,000099,FFFFFF,Bus,874_8_83_874,"(0, 0, 153)","(255, 255, 255)",25678.100346083444
363,875_9_36,875,875,El Cajon Eastside Shuttle Counterclockwise,3,MTS,,https://www.sdmts.com/schedules-real-time?fragment=875,000099,FFFFFF,Bus,875_9_36_875,"(0, 0, 153)","(255, 255, 255)",21923.917226706402
364,875_9_42,875,875,El Cajon Eastside Shuttle Counterclockwise,3,MTS,,https://www.sdmts.com/schedules-real-time?fragment=875,000099,FFFFFF,Bus,875_9_42_875,"(0, 0, 153)","(255, 255, 255)",20547.802420220964
365,875_9_43,875,875,El Cajon Eastside Shuttle Counterclockwise,3,MTS,,https://www.sdmts.com/schedules-real-time?fragment=875,000099,FFFFFF,Bus,875_9_43_875,"(0, 0, 153)","(255, 255, 255)",51420.57455482532
366,875_9_44,875,875,El Cajon Eastside Shuttle Counterclockwise,3,MTS,,https://www.sdmts.com/schedules-real-time?fragment=875,000099,FFFFFF,Bus,875_9_44_875,"(0, 0, 153)","(255, 255, 255)",26099.919690620987
367,875_9_45,875,875,El Cajon Eastside Shuttle Counterclockwise,3,MTS,,https://www.sdmts.com/schedules-real-time?fragment=875,000099,FFFFFF,Bus,875_9_45_875,"(0, 0, 153)","(255, 255, 255)",48023.83691732742
368,888_2_32,888,888,Jacumba - El Cajon,3,MTS,,https://www.sdmts.com/schedules-real-time?fragment=888,663300,FFFFFF,Bus,888_2_32_888,"(0, 0, 153)","(255, 255, 255)",444765.7915017194
369,888_3_31,888,888,Jacumba - El Cajon,3,MTS,,https://www.sdmts.com/schedules-real-time?fragment=888,663300,FFFFFF,Bus,888_3_31_888,"(0, 0, 153)","(255, 255, 255)",466961.78417068446
370,88_9_12,88,88,Old Town - Hotel Circle,3,MTS,,https://www.sdmts.com/schedules-real-time?fragment=88,000099,FFFFFF,Bus,88_9_12_88,"(0, 0, 153)","(255, 255, 255)",24521.097380402
371,891_2_11,891,891,Borrego - El Cajon via Shelter Valley,3,MTS,,https://www.sdmts.com/schedules-real-time?fragment=891,663300,FFFFFF,Bus,891_2_11_891,"(0, 0, 153)","(255, 255, 255)",465794.2978867838
372,891_3_13,891,891,Borrego - El Cajon via Shelter Valley,3,MTS,,https://www.sdmts.com/schedules-real-time?fragment=891,663300,FFFFFF,Bus,891_3_13_891,"(0, 0, 153)","(255, 255, 255)",465094.11002672935
373,892_2_12,892,892,Borrego - El Cajon via Ranchita/Lake Henshaw,3,MTS,,https://www.sdmts.com/schedules-real-time?fragment=892,663300,FFFFFF,Bus,892_2_12_892,"(0, 0, 153)","(255, 255, 255)",446634.28578435566
374,892_3_13,892,892,Borrego - El Cajon via Ranchita/Lake Henshaw,3,MTS,,https://www.sdmts.com/schedules-real-time?fragment=892,663300,FFFFFF,Bus,892_3_13_892,"(0, 0, 153)","(255, 255, 255)",445296.03647479333
375,894_2_37,894,894,Morena/Campo - El Cajon,3,MTS,,https://www.sdmts.com/schedules-real-time?fragment=894,663300,FFFFFF,Bus,894_2_37_894,"(0, 0, 153)","(255, 255, 255)",148048.46850419263
376,894_2_39,894,894,Morena/Campo - El Cajon,3,MTS,,https://www.sdmts.com/schedules-real-time?fragment=894,663300,FFFFFF,Bus,894_2_39_894,"(0, 0, 153)","(255, 255, 255)",178475.9373294348
377,894_2_42,894,894,Morena/Campo - El Cajon,3,MTS,,https://www.sdmts.com/schedules-real-time?fragment=894,663300,FFFFFF,Bus,894_2_42_894,"(0, 0, 153)","(255, 255, 255)",264411.0900258058
378,894_2_43,894,894,Morena/Campo - El Cajon,3,MTS,,https://www.sdmts.com/schedules-real-time?fragment=894,663300,FFFFFF,Bus,894_2_43_894,"(0, 0, 153)","(255, 255, 255)",298676.90466563177
379,894_3_35,894,894,Morena/Campo - El Cajon,3,MTS,,https://www.sdmts.com/schedules-real-time?fragment=894,663300,FFFFFF,Bus,894_3_35_894,"(0, 0, 153)","(255, 255, 255)",173908.9943725648
380,894_3_40,894,894,Morena/Campo - El Cajon,3,MTS,,https://www.sdmts.com/schedules-real-time?fragment=894,663300,FFFFFF,Bus,894_3_40_894,"(0, 0, 153)","(255, 255, 255)",303014.4106110516
381,894_3_41,894,894,Morena/Campo - El Cajon,3,MTS,,https://www.sdmts.com/schedules-real-time?fragment=894,663300,FFFFFF,Bus,894_3_41_894,"(0, 0, 153)","(255, 255, 255)",265178.36169582047
382,8_0_65,8,8,Old Town - Balboa Av TC,3,MTS,,https://www.sdmts.com/schedules-real-time?fragment=8,000099,FFFFFF,Bus,8_0_65_8,"(0, 0, 153)","(255, 255, 255)",14437.014073663902
383,8_0_67,8,8,Old Town - Balboa Av TC,3,MTS,,https://www.sdmts.com/schedules-real-time?fragment=8,000099,FFFFFF,Bus,8_0_67_8,"(0, 0, 153)","(255, 255, 255)",44704.217423087306
384,8_1_66,8,8,Old Town - Balboa Av TC,3,MTS,,https://www.sdmts.com/schedules-real-time?fragment=8,000099,FFFFFF,Bus,8_1_66_8,"(0, 0, 153)","(255, 255, 255)",43259.17483499548
385,8_1_68,8,8,Old Town - Balboa Av TC,3,MTS,,https://www.sdmts.com/schedules-real-time?fragment=8,000099,FFFFFF,Bus,8_1_68_8,"(0, 0, 153)","(255, 255, 255)",28119.28928191248
386,901_0_117,901,901,Iris Transit Center - Downtown,3,MTS,,https://www.sdmts.com/schedules-real-time?fragment=901,000099,FFFFFF,Bus,901_0_117_901,"(0, 0, 153)","(255, 255, 255)",94251.65168234103
387,901_0_119,901,901,Iris Transit Center - Downtown,3,MTS,,https://www.sdmts.com/schedules-real-time?fragment=901,000099,FFFFFF,Bus,901_0_119_901,"(0, 0, 153)","(255, 255, 255)",102097.60775243916
388,901_1_118,901,901,Iris Transit Center - Downtown,3,MTS,,https://www.sdmts.com/schedules-real-time?fragment=901,000099,FFFFFF,Bus,901_1_118_901,"(0, 0, 153)","(255, 255, 255)",92082.25228812952
389,901_1_120,901,901,Iris Transit Center - Downtown,3,MTS,,https://www.sdmts.com/schedules-real-time?fragment=901,000099,FFFFFF,Bus,901_1_120_901,"(0, 0, 153)","(255, 255, 255)",102594.69192253542
390,904_0_27,904,904,Coronado Shuttle,3,MTS,,https://www.sdmts.com/schedules-real-time?fragment=904,000099,FFFFFF,Bus,904_0_27_904,"(0, 0, 153)","(255, 255, 255)",12146.659241436708
391,904_1_30,904,904,Coronado Shuttle,3,MTS,,https://www.sdmts.com/schedules-real-time?fragment=904,000099,FFFFFF,Bus,904_1_30_904,"(0, 0, 153)","(255, 255, 255)",14138.373641249776
392,905_2_88,905,905,Iris Transit Center - Otay Mesa Transit Center,3,MTS,,https://www.sdmts.com/schedules-real-time?fragment=905,000099,FFFFFF,Bus,905_2_88_905,"(0, 0, 153)","(255, 255, 255)",47793.77779421301
393,905_3_102,905,905,Iris Transit Center - Otay Mesa Transit Center,3,MTS,,https://www.sdmts.com/schedules-real-time?fragment=905,000099,FFFFFF,Bus,905_3_102_905,"(0, 0, 153)","(255, 255, 255)",47961.58715868308
394,906_8_41,906,906,Iris Transit Center - San Ysidro Clockwise,3,MTS,,https://www.sdmts.com/schedules-real-time?fragment=906,000099,FFFFFF,Bus,906_8_41_906,"(0, 0, 153)","(255, 255, 255)",19971.47249279108
395,906_8_42,906,906,Iris Transit Center - San Ysidro Clockwise,3,MTS,,https://www.sdmts.com/schedules-real-time?fragment=906,000099,FFFFFF,Bus,906_8_42_906,"(0, 0, 153)","(255, 255, 255)",36298.0544907411
396,906_8_43,906,906,Iris Transit Center - San Ysidro Clockwise,3,MTS,,https://www.sdmts.com/schedules-real-time?fragment=906,000099,FFFFFF,Bus,906_8_43_906,"(0, 0, 153)","(255, 255, 255)",16326.581997949987
397,907_9_51,907,907,Iris Transit Center - San Ysidro Counterclockwise,3,MTS,,https://www.sdmts.com/schedules-real-time?fragment=907,000099,FFFFFF,Bus,907_9_51_907,"(0, 0, 153)","(255, 255, 255)",16178.093457597619
398,907_9_52,907,907,Iris Transit Center - San Ysidro Counterclockwise,3,MTS,,https://www.sdmts.com/schedules-real-time?fragment=907,000099,FFFFFF,Bus,907_9_52_907,"(0, 0, 153)","(255, 255, 255)",35942.97339520819
399,907_9_53,907,907,Iris Transit Center - San Ysidro Counterclockwise,3,MTS,,https://www.sdmts.com/schedules-real-time?fragment=907,000099,FFFFFF,Bus,907_9_53_907,"(0, 0, 153)","(255, 255, 255)",19764.87993761056
400,909_2_13,909,909,Otay Mesa Transit Center - SWC at Otay Mesa,3,MTS,,https://www.sdmts.com/schedules-real-time?fragment=909,000099,FFFFFF,Bus,909_2_13_909,"(0, 0, 153)","(255, 255, 255)",26823.646498620452
401,909_3_12,909,909,Otay Mesa Transit Center - SWC at Otay Mesa,3,MTS,,https://www.sdmts.com/schedules-real-time?fragment=909,000099,FFFFFF,Bus,909_3_12_909,"(0, 0, 153)","(255, 255, 255)",37716.707914973165
402,910_0_5,910,910,Downtown - San Ysidro (OWL Service),3,MTS,,https://www.sdmts.com/schedules-real-time?fragment=910,000099,FFFFFF,Bus,910_0_5_910,"(0, 0, 153)","(255, 255, 255)",108533.58165025875
403,910_1_6,910,910,Downtown - San Ysidro (OWL Service),3,MTS,,https://www.sdmts.com/schedules-real-time?fragment=910,000099,FFFFFF,Bus,910_1_6_910,"(0, 0, 153)","(255, 255, 255)",114462.85119328016
404,916_8_37,916,916,Oak Park-Emerald Hills Loop CW,3,MTS,,https://www.sdmts.com/schedules-real-time?fragment=916,000099,FFFFFF,Bus,916_8_37_916,"(0, 0, 153)","(255, 255, 255)",61144.54942124326
405,916_8_38,916,916,Oak Park-Emerald Hills Loop CW,3,MTS,,https://www.sdmts.com/schedules-real-time?fragment=916,000099,FFFFFF,Bus,916_8_38_916,"(0, 0, 153)","(255, 255, 255)",29501.97858072853
406,916_8_39,916,916,Oak Park-Emerald Hills Loop CW,3,MTS,,https://www.sdmts.com/schedules-real-time?fragment=916,000099,FFFFFF,Bus,916_8_39_916,"(0, 0, 153)","(255, 255, 255)",22081.603071137775
407,917_9_23,917,917,Oak Park-Emerald Hills Loop CCW,3,MTS,,https://www.sdmts.com/schedules-real-time?fragment=917,000099,FFFFFF,Bus,917_9_23_917,"(0, 0, 153)","(255, 255, 255)",27994.284825084385
408,917_9_24,917,917,Oak Park-Emerald Hills Loop CCW,3,MTS,,https://www.sdmts.com/schedules-real-time?fragment=917,000099,FFFFFF,Bus,917_9_24_917,"(0, 0, 153)","(255, 255, 255)",60686.46948169063
409,921_2_65,921,921,UTC - Miramar College Transit Station,3,MTS,,https://www.sdmts.com/schedules-real-time?fragment=921,000099,FFFFFF,Bus,921_2_65_921,"(0, 0, 153)","(255, 255, 255)",47555.79732959531
410,921_2_79,921,921,UTC - Miramar College Transit Station,3,MTS,,https://www.sdmts.com/schedules-real-time?fragment=921,000099,FFFFFF,Bus,921_2_79_921,"(0, 0, 153)","(255, 255, 255)",60138.45293010209
411,921_3_76,921,921,UTC - Miramar College Transit Station,3,MTS,,https://www.sdmts.com/schedules-real-time?fragment=921,000099,FFFFFF,Bus,921_3_76_921,"(0, 0, 153)","(255, 255, 255)",47612.838563668425
412,921_3_78,921,921,UTC - Miramar College Transit Station,3,MTS,,https://www.sdmts.com/schedules-real-time?fragment=921,000099,FFFFFF,Bus,921_3_78_921,"(0, 0, 153)","(255, 255, 255)",58560.066145254816
413,923_2_78,923,923,Downtown to Point Loma,3,MTS,,https://www.sdmts.com/schedules-real-time?fragment=923,000099,FFFFFF,Bus,923_2_78_923,"(0, 0, 153)","(255, 255, 255)",46890.949431491055
414,923_3_77,923,923,Downtown to Point Loma,3,MTS,,https://www.sdmts.com/schedules-real-time?fragment=923,000099,FFFFFF,Bus,923_3_77_923,"(0, 0, 153)","(255, 255, 255)",48151.19332409736
415,928_0_58,928,928,Fashion Valley - Kearny Mesa,3,MTS,,https://www.sdmts.com/schedules-real-time?fragment=928,000099,FFFFFF,Bus,928_0_58_928,"(0, 0, 153)","(255, 255, 255)",55244.70997157482
416,928_0_59,928,928,Fashion Valley - Kearny Mesa,3,MTS,,https://www.sdmts.com/schedules-real-time?fragment=928,000099,FFFFFF,Bus,928_0_59_928,"(0, 0, 153)","(255, 255, 255)",51032.873806289106
417,928_0_60,928,928,Fashion Valley - Kearny Mesa,3,MTS,,https://www.sdmts.com/schedules-real-time?fragment=928,000099,FFFFFF,Bus,928_0_60_928,"(0, 0, 153)","(255, 255, 255)",35759.0348399757
418,928_1_57,928,928,Fashion Valley - Kearny Mesa,3,MTS,,https://www.sdmts.com/schedules-real-time?fragment=928,000099,FFFFFF,Bus,928_1_57_928,"(0, 0, 153)","(255, 255, 255)",49652.67631674481
419,928_1_61,928,928,Fashion Valley - Kearny Mesa,3,MTS,,https://www.sdmts.com/schedules-real-time?fragment=928,000099,FFFFFF,Bus,928_1_61_928,"(0, 0, 153)","(255, 255, 255)",35527.5619502303
420,929_0_158,929,929,Downtown - Iris Transit Center,3,MTS,,https://www.sdmts.com/schedules-real-time?fragment=929,000099,FFFFFF,Bus,929_0_158_929,"(0, 0, 153)","(255, 255, 255)",81837.3241755057
421,929_1_159,929,929,Downtown - Iris Transit Center,3,MTS,,https://www.sdmts.com/schedules-real-time?fragment=929,000099,FFFFFF,Bus,929_1_159_929,"(0, 0, 153)","(255, 255, 255)",79326.91206040129
422,932_0_79,932,932,Iris Transit Center - 8th St. Transit Center,3,MTS,,https://www.sdmts.com/schedules-real-time?fragment=932,000099,FFFFFF,Bus,932_0_79_932,"(0, 0, 153)","(255, 255, 255)",55182.39030051688
423,932_0_80,932,932,Iris Transit Center - 8th St. Transit Center,3,MTS,,https://www.sdmts.com/schedules-real-time?fragment=932,000099,FFFFFF,Bus,932_0_80_932,"(0, 0, 153)","(255, 255, 255)",37010.39036131801
424,932_1_77,932,932,Iris Transit Center - 8th St. Transit Center,3,MTS,,https://www.sdmts.com/schedules-real-time?fragment=932,000099,FFFFFF,Bus,932_1_77_932,"(0, 0, 153)","(255, 255, 255)",56365.24185044233
425,932_1_78,932,932,Iris Transit Center - 8th St. Transit Center,3,MTS,,https://www.sdmts.com/schedules-real-time?fragment=932,000099,FFFFFF,Bus,932_1_78_932,"(0, 0, 153)","(255, 255, 255)",37108.93956548997
426,933_9_67,933,933,Iris TC Loop - Imperial Beach Counterclock,3,MTS,,https://www.sdmts.com/schedules-real-time?fragment=933,000099,FFFFFF,Bus,933_9_67_933,"(0, 0, 153)","(255, 255, 255)",80842.24807855935
427,934_8_65,934,934,Iris TC Loop - Imperial Beach Clockwise,3,MTS,,https://www.sdmts.com/schedules-real-time?fragment=934,000099,FFFFFF,Bus,934_8_65_934,"(0, 0, 153)","(255, 255, 255)",48433.61576702656
428,934_8_68,934,934,Iris TC Loop - Imperial Beach Clockwise,3,MTS,,https://www.sdmts.com/schedules-real-time?fragment=934,000099,FFFFFF,Bus,934_8_68_934,"(0, 0, 153)","(255, 255, 255)",80819.89194192199
429,934_8_69,934,934,Iris TC Loop - Imperial Beach Clockwise,3,MTS,,https://www.sdmts.com/schedules-real-time?fragment=934,000099,FFFFFF,Bus,934_8_69_934,"(0, 0, 153)","(255, 255, 255)",41522.49141057807
430,936_0_61,936,936,Spring Valley - SDSU,3,MTS,,https://www.sdmts.com/schedules-real-time?fragment=936,000099,FFFFFF,Bus,936_0_61_936,"(0, 0, 153)","(255, 255, 255)",42407.435963484226
431,936_1_62,936,936,Spring Valley - SDSU,3,MTS,,https://www.sdmts.com/schedules-real-time?fragment=936,000099,FFFFFF,Bus,936_1_62_936,"(0, 0, 153)","(255, 255, 255)",39877.755186064125
432,944_2_10,944,944,Sabre Springs Station - Poway,3,MTS,,https://www.sdmts.com/schedules-real-time?fragment=944,000099,FFFFFF,Bus,944_2_10_944,"(0, 0, 153)","(255, 255, 255)",27427.707276628684
433,944_3_8,944,944,Sabre Springs Station - Poway,3,MTS,,https://www.sdmts.com/schedules-real-time?fragment=944,000099,FFFFFF,Bus,944_3_8_944,"(0, 0, 153)","(255, 255, 255)",29154.648796679972
434,945_0_13,945,945,Rancho Bernardo Station - Poway,3,MTS,,https://www.sdmts.com/schedules-real-time?fragment=945,000099,FFFFFF,Bus,945_0_13_945,"(0, 0, 153)","(255, 255, 255)",56149.63902943372
435,945_1_14,945,945,Rancho Bernardo Station - Poway,3,MTS,,https://www.sdmts.com/schedules-real-time?fragment=945,000099,FFFFFF,Bus,945_1_14_945,"(0, 0, 153)","(255, 255, 255)",55114.67943919174
436,946_10_18,946,945A,Poway HS CC Loop,3,MTS,,https://www.sdmts.com/schedules-real-time?fragment=945A,000099,FFFFFF,Bus,946_10_18_946,"(0, 0, 153)","(255, 255, 255)",73371.15898172685
437,946_11_17,946,945A,Poway HS CC Loop,3,MTS,,https://www.sdmts.com/schedules-real-time?fragment=945A,000099,FFFFFF,Bus,946_11_17_946,"(0, 0, 153)","(255, 255, 255)",73371.15898172685
438,955_0_93,955,955,National City - San Diego State University,3,MTS,,https://www.sdmts.com/schedules-real-time?fragment=955,000099,FFFFFF,Bus,955_0_93_955,"(0, 0, 153)","(255, 255, 255)",52635.98924969878
439,955_0_95,955,955,National City - San Diego State University,3,MTS,,https://www.sdmts.com/schedules-real-time?fragment=955,000099,FFFFFF,Bus,955_0_95_955,"(0, 0, 153)","(255, 255, 255)",29378.424916960834
440,955_1_97,955,955,National City - San Diego State University,3,MTS,,https://www.sdmts.com/schedules-real-time?fragment=955,000099,FFFFFF,Bus,955_1_97_955,"(0, 0, 153)","(255, 255, 255)",52009.78346886696
441,955_1_98,955,955,National City - San Diego State University,3,MTS,,https://www.sdmts.com/schedules-real-time?fragment=955,000099,FFFFFF,Bus,955_1_98_955,"(0, 0, 153)","(255, 255, 255)",40828.88550701927
442,955_1_99,955,955,National City - San Diego State University,3,MTS,,https://www.sdmts.com/schedules-real-time?fragment=955,000099,FFFFFF,Bus,955_1_99_955,"(0, 0, 153)","(255, 255, 255)",22558.70807665678
443,961_0_61,961,961,24th St Transit Center - Encanto Trolley,3,MTS,,https://www.sdmts.com/schedules-real-time?fragment=961,000099,FFFFFF,Bus,961_0_61_961,"(0, 0, 153)","(255, 255, 255)",49596.917760289565
444,961_0_62,961,961,24th St Transit Center - Encanto Trolley,3,MTS,,https://www.sdmts.com/schedules-real-time?fragment=961,000099,FFFFFF,Bus,961_0_62_961,"(0, 0, 153)","(255, 255, 255)",17432.003284805174
445,961_0_65,961,961,24th St Transit Center - Encanto Trolley,3,MTS,,https://www.sdmts.com/schedules-real-time?fragment=961,000099,FFFFFF,Bus,961_0_65_961,"(0, 0, 153)","(255, 255, 255)",32164.91447548445
446,961_1_63,961,961,24th St Transit Center - Encanto Trolley,3,MTS,,https://www.sdmts.com/schedules-real-time?fragment=961,000099,FFFFFF,Bus,961_1_63_961,"(0, 0, 153)","(255, 255, 255)",50103.75444621324
447,961_1_64,961,961,24th St Transit Center - Encanto Trolley,3,MTS,,https://www.sdmts.com/schedules-real-time?fragment=961,000099,FFFFFF,Bus,961_1_64_961,"(0, 0, 153)","(255, 255, 255)",18958.500476951827
448,962_2_44,962,962,8th St Transit Center - Spring Valley,3,MTS,,https://www.sdmts.com/schedules-real-time?fragment=962,000099,FFFFFF,Bus,962_2_44_962,"(0, 0, 153)","(255, 255, 255)",39842.162123529466
449,962_3_43,962,962,8th St Transit Center - Spring Valley,3,MTS,,https://www.sdmts.com/schedules-real-time?fragment=962,000099,FFFFFF,Bus,962_3_43_962,"(0, 0, 153)","(255, 255, 255)",39666.11876181278
450,963_2_38,963,963,8th St Transit Center - Paradise Hills,3,MTS,,https://www.sdmts.com/schedules-real-time?fragment=963,000099,FFFFFF,Bus,963_2_38_963,"(0, 0, 153)","(255, 255, 255)",22726.4167056892
451,963_2_40,963,963,8th St Transit Center - Paradise Hills,3,MTS,,https://www.sdmts.com/schedules-real-time?fragment=963,000099,FFFFFF,Bus,963_2_40_963,"(0, 0, 153)","(255, 255, 255)",3705.015461742588
452,963_3_39,963,963,8th St Transit Center - Paradise Hills,3,MTS,,https://www.sdmts.com/schedules-real-time?fragment=963,000099,FFFFFF,Bus,963_3_39_963,"(0, 0, 153)","(255, 255, 255)",20598.926258093303
453,964_2_32,964,964,Mira Mesa - Alliant University via MCTS,3,MTS,,https://www.sdmts.com/schedules-real-time?fragment=964,000099,FFFFFF,Bus,964_2_32_964,"(0, 0, 153)","(255, 255, 255)",39435.3680666433
454,964_2_33,964,964,Mira Mesa - Alliant University via MCTS,3,MTS,,https://www.sdmts.com/schedules-real-time?fragment=964,000099,FFFFFF,Bus,964_2_33_964,"(0, 0, 153)","(255, 255, 255)",21936.700635055284
455,964_3_40,964,964,Mira Mesa - Alliant University via MCTS,3,MTS,,https://www.sdmts.com/schedules-real-time?fragment=964,000099,FFFFFF,Bus,964_3_40_964,"(0, 0, 153)","(255, 255, 255)",18929.458012150415
456,964_3_41,964,964,Mira Mesa - Alliant University via MCTS,3,MTS,,https://www.sdmts.com/schedules-real-time?fragment=964,000099,FFFFFF,Bus,964_3_41_964,"(0, 0, 153)","(255, 255, 255)",36295.02430528722
457,965_9_21,965,965,City Heights Shuttle,3,MTS,,https://www.sdmts.com/schedules-real-time?fragment=965,000099,FFFFFF,Bus,965_9_21_965,"(0, 0, 153)","(255, 255, 255)",31587.286887244656
458,967_9_53,967,967,24th St Transit Center - Division & Ava,3,MTS,,https://www.sdmts.com/schedules-real-time?fragment=967,000099,FFFFFF,Bus,967_9_53_967,"(0, 0, 153)","(255, 255, 255)",29561.27157050436
459,967_9_54,967,967,24th St Transit Center - Division & Ava,3,MTS,,https://www.sdmts.com/schedules-real-time?fragment=967,000099,FFFFFF,Bus,967_9_54_967,"(0, 0, 153)","(255, 255, 255)",46785.478204510866
460,967_9_55,967,967,24th St Transit Center - Division & Ava,3,MTS,,https://www.sdmts.com/schedules-real-time?fragment=967,000099,FFFFFF,Bus,967_9_55_967,"(0, 0, 153)","(255, 255, 255)",29688.010684549223
461,968_2_49,968,968,8th St Transit Center - Plaza Bonita,3,MTS,,https://www.sdmts.com/schedules-real-time?fragment=968,000099,FFFFFF,Bus,968_2_49_968,"(0, 0, 153)","(255, 255, 255)",28859.280981507414
462,968_3_43,968,968,8th St Transit Center - Plaza Bonita,3,MTS,,https://www.sdmts.com/schedules-real-time?fragment=968,000099,FFFFFF,Bus,968_3_43_968,"(0, 0, 153)","(255, 255, 255)",11286.883727081013
463,968_3_48,968,968,8th St Transit Center - Plaza Bonita,3,MTS,,https://www.sdmts.com/schedules-real-time?fragment=968,000099,FFFFFF,Bus,968_3_48_968,"(0, 0, 153)","(255, 255, 255)",28460.49673283479
464,985_9_13,985,985,UCSD Central Campus Station - Torrey Pines,3,MTS,,https://www.sdmts.com/schedules-real-time?fragment=985,000099,FFFFFF,Bus,985_9_13_985,"(0, 0, 153)","(255, 255, 255)",29054.14967864781
465,985_9_14,985,985,UCSD Central Campus Station - Torrey Pines,3,MTS,,https://www.sdmts.com/schedules-real-time?fragment=985,000099,FFFFFF,Bus,985_9_14_985,"(0, 0, 153)","(255, 255, 255)",19246.710609624966
466,985_9_15,985,985,UCSD Central Campus Station - Torrey Pines,3,MTS,,https://www.sdmts.com/schedules-real-time?fragment=985,000099,FFFFFF,Bus,985_9_15_985,"(0, 0, 153)","(255, 255, 255)",19315.754426404183
467,992_9_65,992,992,Airport/Downtown Shuttle,3,MTS,,https://www.sdmts.com/schedules-real-time?fragment=992,000099,FFFFFF,Bus,992_9_65_992,"(0, 0, 153)","(255, 255, 255)",40989.82761346953
468,992_9_66,992,992,Airport/Downtown Shuttle,3,MTS,,https://www.sdmts.com/schedules-real-time?fragment=992,000099,FFFFFF,Bus,992_9_66_992,"(0, 0, 153)","(255, 255, 255)",19202.989622486348
469,992_9_67,992,992,Airport/Downtown Shuttle,3,MTS,,https://www.sdmts.com/schedules-real-time?fragment=992,000099,FFFFFF,Bus,992_9_67_992,"(0, 0, 153)","(255, 255, 255)",40991.45994071971
470,992_9_68,992,992,Airport/Downtown Shuttle,3,MTS,,https://www.sdmts.com/schedules-real-time?fragment=992,000099,FFFFFF,Bus,992_9_68_992,"(0, 0, 153)","(255, 255, 255)",19365.253836574015
471,9_0_139,9,9,Old Town - Jewell & Garnet,3,MTS,,https://www.sdmts.com/schedules-real-time?fragment=9,000099,FFFFFF,Bus,9_0_139_9,"(0, 0, 153)","(255, 255, 255)",34144.163818536756
472,9_0_140,9,9,Old Town - Jewell & Garnet,3,MTS,,https://www.sdmts.com/schedules-real-time?fragment=9,000099,FFFFFF,Bus,9_0_140_9,"(0, 0, 153)","(255, 255, 255)",28397.680886156537
473,9_1_141,9,9,Old Town - Jewell & Garnet,3,MTS,,https://www.sdmts.com/schedules-real-time?fragment=9,000099,FFFFFF,Bus,9_1_141_9,"(0, 0, 153)","(255, 255, 255)",32593.21899905133
474,9_1_142,9,9,Old Town - Jewell & Garnet,3,MTS,,https://www.sdmts.com/schedules-real-time?fragment=9,000099,FFFFFF,Bus,9_1_142_9,"(0, 0, 153)","(255, 255, 255)",26846.736066671125
475,AIR_9_246,AIR,,Old Town to Airport Shuttle,3,MTS,,https://www.san.org/Parking-Transportation/Public-Transportation#117819-trolley-service,000099,FFFFFF,Bus,AIR_9_246_AIR,"(0, 0, 153)","(255, 255, 255)",49572.36568366716
476,S2_535_2_2,535,Copper,Santee - El Cajon,0,MTS,,https://www.sdmts.com/schedules-real-time?fragment=copper_line,B87333,000000,"Tram, Streetcar, Light rail",S2_535_2_2_535,,"(180, 188, 194)",19615.21352770871
477,S2_535_3_1,535,Copper,Santee - El Cajon,0,MTS,,https://www.sdmts.com/schedules-real-time?fragment=copper_line,B87333,000000,"Tram, Streetcar, Light rail",S2_535_3_1_535,,"(180, 188, 194)",19615.216459191928
478,S2_535_3_3,535,Copper,Santee - El Cajon,0,MTS,,https://www.sdmts.com/schedules-real-time?fragment=copper_line,B87333,000000,"Tram, Streetcar, Light rail",S2_535_3_3_535,,"(180, 188, 194)",19954.015507468903
