service_type,org,name,common_name,full_name,address,city,state,zip,lat,lon,acres,use_restriction,dedicated_park,community,service_district,playground,tot_lot,baseball_50_6,baseball_90,softball,multi_purpose,basketball,tennis,sand_vball,comfort_station,pickleball,source
park,City of San Diego Parks & Recreation,Oak Neighborhood Park,OAK PARK NP,Oak Neighborhood Park,"5235 Maple St., 92105",San Diego,CA,92105,32.73254957,-117.08300743,3.48889696,DEDIC PK/OS--ORD.,Y,MID-CITY: EASTERN AREA,41.0,1,0,0,0,1,0,0,0,0,0,0,Parks_SD
park,City of San Diego Parks & Recreation,San Carlos Community Park & Recreation Center,SAN CARLOS CP & REC CENTER,San Carlos Community Park & Recreation Center,"6445 Lake Badin Ave., 92119",San Diego,CA,92119,32.798645900000004,-117.02114835,9.78882995,DEDIC PK/OS--ORD.,Y,NAVAJO,45.0,1,1,0,0,2,1,2,0,0,0,0,Parks_SD
park,City of San Diego Parks & Recreation,Marcy Neighborhood Park,MARCY NP,Marcy Neighborhood Park,"5526 STRESEMANN ST, 92122",San Diego,CA,92122,32.84513943,-117.22717022,10.88742378,VOTER RATIF. REQ'D,Y,UNIVERSITY,44.0,1,0,0,0,0,0,0,0,0,0,0,Parks_SD
park,City of San Diego Parks & Recreation,McCall Street Mini-Park,MCCALL ST MP,McCall Street Mini-Park,"453 SAN ANTONIO AVE, 92106",San Diego,CA,92106,32.71034976,-117.23699943,0.00887759,NONE,N,PENINSULA,0.0,0,0,0,0,0,0,0,0,0,0,0,Parks_SD
park,City of San Diego Parks & Recreation,Southcrest Trails Neighborhood Park,SOUTH CREST TRAILS NP,Southcrest Trails Neighborhood Park,"3605 BETA ST, 92113",San Diego,CA,92113,32.691294830000004,-117.1153064,5.94584029,PARK PER DEED,N,SOUTHEASTERN SAN DIEGO,43.0,1,0,0,0,0,0,0,0,0,0,0,Parks_SD
park,City of San Diego Parks & Recreation,Point Loma Community Park,PT LOMA CP,Point Loma Community Park,"1059 CATALINA BLVD, 92106",San Diego,CA,92106,32.72482087,-117.24319333,10.48590977,DEDIC PK/OS--ORD.,,PENINSULA,45.0,0,0,3,0,0,1,0,4,0,1,0,Parks_SD
park,City of San Diego Parks & Recreation,Sefton Field,SEFTON NP,Sefton Field,"2508 HOTEL CIRCLE PL, 92108",San Diego,CA,92108,32.76175792,-117.19169652999997,21.64826185,DEDICATED PARKLAND,Y,MISSION VALLEY,45.0,0,0,1,3,1,1,0,0,0,0,0,Parks_SD
park,City of San Diego Parks & Recreation,Davis House Mini-Park,DAVIS HOUSE MP,Davis House Mini-Park,"424 ISLAND AVE, 92101",San Diego,CA,92101,32.710595180000006,-117.16073886,0.11856158,NONE,N,DOWNTOWN,45.0,0,0,0,0,0,0,0,0,0,0,0,Parks_SD
park,City of San Diego Parks & Recreation,Views West Neighborhood Park,VIEWS WEST NP,Views West Neighborhood Park,"12904 LA TORTOLA, 92129",San Diego,CA,12904,32.95504919,-117.11588009,19.45276066,NONE,N,RANCHO PEÑASQUITOS,40.0,1,1,1,0,1,1,1,0,1,1,3,Parks_SD
park,City of San Diego Parks & Recreation,La Jolla Strand Park,LA JOLLA STRAND NP (Undeveloped),La Jolla Strand Park,"6664 NEPTUNE PL, 92037",San Diego,CA,92037,32.82786165,-117.28003911,1.16395869,DEDIC PK/OS--ORD.,Y,LA JOLLA,0.0,0,0,0,0,0,0,0,0,0,0,0,Parks_SD
park,City of San Diego Parks & Recreation,Oak Glen Mini-Park,OAK GLEN MP,Oak Glen Mini-Park,"10775 SPRING CANYON RD, 92131",San Diego,CA,10775,32.92934253,-117.09615913,1.38931507, ,Y,MIRAMAR RANCH NORTH,40.0,0,0,0,0,0,0,0,0,0,0,0,Parks_SD
park,City of San Diego Parks & Recreation,City Heights Community Park & Recreation Center,CITY HEIGHTS CP REC CENTER,City Heights Community Park & Recreation Center,"4367 WIGHTMAN ST, 92105",San Diego,CA,92105,32.74673719,-117.09941291,9.54896403,DEDIC PK/OS--ORD.,,MID-CITY: CITY HEIGHTS,41.0,1,1,0,0,1,2,0,4,0,1,0,Parks_SD
park,City of San Diego Parks & Recreation,Cabrillo Mini-Park South,CABRILLO S MP,Cabrillo Mini-Park South,"1032 Leroy Street, 92106",San Diego,CA,92106,32.72141199,-117.23487078,0.11622762,DEDIC PK/OS--ORD.,Y,PENINSULA,45.0,0,0,0,0,0,0,0,0,0,0,0,Parks_SD
park,City of San Diego Parks & Recreation,Gershwin Neighborhood Park,GERSHWIN NP,Gershwin Neighborhood Park,"3508 Conrad Avenue, 92117",San Diego,CA,92117,32.834760159999995,-117.21137838,5.3891001,DEDIC PK/OS--ORD.,Y,CLAIREMONT MESA,44.0,1,0,0,0,0,0,1,1,0,0,0,Parks_SD
park,City of San Diego Parks & Recreation,West Maple Canyon Mini-Park,WALDO WATERMAN MP,West Maple Canyon Mini-Park,"250 W MAPLE ST, 92103",San Diego,CA,92103,32.732612509999996,-117.16549268,0.23998372, ,Y,UPTOWN,41.0,0,0,0,0,0,0,0,0,0,0,0,Parks_SD
park,City of San Diego Parks & Recreation,Starkey Mini-Park,STARKEY MP,Starkey Mini-Park,"6705 DRAPER AVE, 92037",San Diego,CA,92037,32.829951460000004,-117.27293532,1.16787783,DEDIC PK/OS--ORD.,Y,LA JOLLA,44.0,1,0,0,0,0,0,0,0,0,0,0,Parks_SD
park,City of San Diego Parks & Recreation,Windansea Beach,WINDANSEA NP,Windansea Beach,"6950 NEPTUNE PL, 92037",San Diego,CA,92037,32.83178307,-117.28130509,3.58758474,DEDIC PK/OS--ORD.,Y,LA JOLLA,0.0,0,0,0,0,0,0,0,0,0,0,0,Parks_SD
park,City of San Diego Parks & Recreation,Skyline Hills Community Park & Recreation Center,SKYLINE HILLS CP & REC CENTER,Skyline Hills Community Park & Recreation Center,"8285 Skyline Dr., 92114",San Diego,CA,92114,32.70536972,-117.0252031,10.10990157,DEDIC PK/OS--ORD.,Y,SKYLINE-PARADISE HILLS,43.0,1,0,0,0,2,1,2,0,0,1,0,Parks_SD
park,City of San Diego Parks & Recreation,L Street Mini-Park,L ST MP,L Street Mini-Park,"2901 L St., 92102",San Diego,CA,92102,32.707120149999994,-117.13368136,0.15124386,DEDIC PK/OS--ORD.,Y,SOUTHEASTERN SAN DIEGO,42.0,0,0,0,0,0,0,1,0,0,0,0,Parks_SD
park,City of San Diego Parks & Recreation,Tecolote Community Park & Recreation Center,TECOLOTE CP & REC CENTER,Tecolote Community Park & Recreation Center,"1701 TECOLOTE RD, 92110",San Diego,CA,92110,32.77416461,-117.19956015,19.382795,DEDIC PK/OS--ORD.,Y,LINDA VISTA,44.0,1,0,5,0,0,1,2,0,0,1,0,Parks_SD
park,City of San Diego Parks & Recreation,North Mountain View Mini-Park,NORTH  MTN VIEW MP,North Mountain View Mini-Park,"3376 N MOUNTAIN VIEW DR, 92116",San Diego,CA,92116,32.770253780000004,-117.12165415,0.42479462,DEDIC PK/OS--ORD.,Y,NORMAL HEIGHTS,41.0,0,0,0,0,0,0,0,0,0,0,0,Parks_SD
park,City of San Diego Parks & Recreation,Robert Egger-South Bay Community Park & Recreation Center,R. EGGER- SOUTH BAY CP & REC Center,Robert Egger-South Bay Community Park & Recreation Center,"1885 CORONADO SB AVE, 92154",San Diego,CA,92154,32.575518429999995,-117.09390615,8.87587061,DEDIC PK/OS--ORD.,Y,OTAY MESA-NESTOR,42.0,2,0,0,0,2,1,0,0,0,0,0,Parks_SD
park,City of San Diego Parks & Recreation,Central Neighborhood Park,CENTRAL NP,Central Neighborhood Park,"4081 POLK AVE, 92105",San Diego,CA,92105,32.75166061,-117.10749666,0.59462782,NONE,N,MID-CITY: CITY HEIGHTS,41.0,0,0,0,0,0,0,0,0,0,0,0,Parks_SD
park,City of San Diego Parks & Recreation,Zena Mini-Park,ROLANDO MP (ZENA MP) (Undeveloped),Zena Mini-Park,"6458 ZENA DR, 92115",San Diego,CA,92115,32.74660675,-117.0577782,0.06309558,NONE,N,MID-CITY: EASTERN AREA,41.0,0,0,0,0,0,0,0,0,0,0,0,Parks_SD
park,City of San Diego Parks & Recreation,Dorothy Petway Neighborhood Park,PETWAY NP,Dorothy Petway Neighborhood Park,"1367 RIGEL ST, 92113",San Diego,CA,92113,32.69203523,-117.11863008,2.72258384,SEE L1203 ENTRIES,N,SOUTHEASTERN SAN DIEGO,43.0,1,1,0,0,0,0,0,0,0,1,0,Parks_SD
park,City of San Diego Parks & Recreation,Clay Ave. Mini-Park,CLAY AVE MP,Clay Ave. Mini-Park,"3156 CLAY AVE, 92113",San Diego,CA,92113,32.70297681,-117.12611028,0.16433655,DEDIC PK/OS--ORD.,Y,SOUTHEASTERN SAN DIEGO,42.0,1,0,0,0,0,0,0,0,0,0,0,Parks_SD
park,City of San Diego Parks & Recreation,Semillon Mini-Park,SEMILLON MP,Semillon Mini-Park,"12074 SEMILLON BLVD, 92131",San Diego,CA,12074,32.91770622000001,-117.0711128,0.43587258,UNKNOWN,Y,SCRIPPS MIRAMAR RANCH,40.0,0,1,0,0,0,0,0,0,0,0,0,Parks_SD
park,City of San Diego Parks & Recreation,Martin Luther King Community Park & Recreation Center,MARTIN L KING CP & REC CENTER,Martin Luther King Community Park & Recreation Center,"6407 SKYLINE DR, 92114",San Diego,CA,92114,32.699208719999994,-117.06029147999998,34.567120450000004,DEDIC PK/OS--ORD.,Y,ENCANTO,43.0,1,2,0,0,2,2,4,7,0,1,0,Parks_SD
park,City of San Diego Parks & Recreation,Spring Canyon Neighborhood Park,SPRING CANYON NP,Spring Canyon Neighborhood Park,"11157 SCRIPPS POWAY PKWY, 92131",San Diego,CA,11157,32.93458746,-117.09354246,18.88360949,DEDIC PK/OS--ORD.,Y,MIRAMAR RANCH NORTH,40.0,1,1,0,0,3,2,3,0,1,1,0,Parks_SD
park,City of San Diego Parks & Recreation,Pasatiempo Neighborhood Park,PASATIEMPO NP (Undeveloped) ,Pasatiempo Neighborhood Park,Pasatempo Avd.  92120,San Diego,CA,92120,32.791235,-117.05850538,10.68589208,DESIGNATED PARKLAND,N,NAVAJO,45.0,0,0,0,0,0,0,0,0,0,0,0,Parks_SD
park,City of San Diego Parks & Recreation,Birdrock Neighborhood Park,BIRD ROCK NP,Birdrock Neighborhood Park,"5371 La Jolla Hermosa Avenue, 92037",San Diego,CA,92037,32.81134372,-117.26207906,0.92356229,DEDIC PK/OS--ORD.,Y,LA JOLLA,44.0,0,0,0,0,1,0,0,0,0,0,0,Parks_SD
park,City of San Diego Parks & Recreation,Serra Mesa Community Park & Recreation Center,SERRA MESA CP & REC CENTER,Serra Mesa Community Park & Recreation Center,"9020 Village Glen Drive, 92123",San Diego,CA,92123,32.80740859,-117.13310479,19.7108147,DEDIC PK/OS--ORD.,,SERRA MESA,45.0,1,1,0,0,2,1,2,0,0,0,0,Parks_SD
park,City of San Diego Parks & Recreation,Solana Ranch Neighborhood Park,SOLANA RANCH NP,Solana Ranch Neighborhood Park,"13597 PACIFIC HIGHLANDS PKWY, 92130",San Diego,CA,13597,32.96686041,-117.19155021,4.999729589999999, ,N,PACIFIC HIGHLANDS RANCH,40.0,1,1,0,0,0,0,0,0,0,1,0,Parks_SD
park,City of San Diego Parks & Recreation,Kate Sessions Memorial Park,KATE SESSIONS MEMORIAL NP,Kate Sessions Memorial Park,"5115 Soledad Road, 92109",San Diego,CA,92109,32.813357329999995,-117.23825312,79.2237607,DEDIC PK/OS--ORD.,,PACIFIC BEACH,44.0,1,1,0,0,0,0,0,0,0,1,0,Parks_SD
park,City of San Diego Parks & Recreation,Vista Terrace Neighborhood Park,VISTA TERRACE NP,Vista Terrace Neighborhood Park,"301 Athey Ave., 92173",San Diego,CA,92173,32.56445204,-117.05150772,8.14228285,DEDIC PK/OS--ORD.,Y,SAN YSIDRO,42.0,1,1,0,0,2,1,0,0,0,1,0,Parks_SD
park,City of San Diego Parks & Recreation,Capehart Open Space Park,CAPEHART OPEN SPACE PARK,Capehart Open Space Park,"4700 Soledad Mountain Road, 92109",San Diego,CA,92109,32.806882,-117.22557307,4.16199163,SEE L1203 ENTRIES,N,PACIFIC BEACH,44.0,0,0,0,0,0,0,0,0,0,0,0,Parks_SD
park,City of San Diego Parks & Recreation,Western Hills Neighborhood Park,WESTERN HILLS NP,Western Hills Neighborhood Park,"4810 Kane Street, 92110",San Diego,CA,92110,32.786560709999996,-117.1962744,12.82328963,DEDIC PK/OS--ORD.,Y,CLAIREMONT MESA,44.0,1,0,0,0,0,0,1,0,0,0,2,Parks_SD
park,City of San Diego Parks & Recreation,Roadrunner Neighborhood Park,ROADRUNNER NP,Roadrunner Neighborhood Park,"4779 LA CUENTA DR, 92124",San Diego,CA,92124,32.8180256,-117.10167482,10.15497517,DEDIC PK/OS--ORD.,Y,TIERRASANTA,45.0,1,1,0,0,0,0,0,0,0,0,0,Parks_SD
park,City of San Diego Parks & Recreation,Pacific Breezes Community Park,CESAR  SOLIS CP,Pacific Breezes Community Park,"4901 DEL SOL BLVD, 92154",San Diego,CA,92154,32.57032677,-117.02527383,15.39303042,DESIGNATED PARKLAND,N,OTAY MESA,42.0,1,1,0,0,1,1,0,0,0,1,0,Parks_SD
park,City of San Diego Parks & Recreation,Mesa Verde Neighborhood Park,MESA VERDE NP,Mesa Verde Neighborhood Park,"8342 FLANDERS DR, 92126",San Diego,CA,92126,32.90595469,-117.14395288,4.68484988,DEDIC PK/OS--ORD.,Y,MIRA MESA,44.0,1,1,0,0,0,1,2,0,0,0,0,Parks_SD
park,City of San Diego Parks & Recreation,Lake Murray Community Park,LAKE MURRAY CP,Lake Murray Community Park,"6308 PARK RIDGE BLVD, 92120",San Diego,CA,92120,32.79080183,-117.04691883,40.37513684,DEDIC PK/OS--ORD.,,NAVAJO,45.0,1,1,3,1,3,0,0,10,0,1,0,Parks_SD
park,City of San Diego Parks & Recreation,Cypress Canyon Neighborhood Park,CYPRESS CANYON NP,Cypress Canyon Neighborhood Park,"11470 Cypress Canyon Rd., 92131",San Diego,CA,11470,32.92510086,-117.06553967,12.22582317,NONE,N,SCRIPPS MIRAMAR RANCH,40.0,1,1,0,0,4,1,1,0,0,1,3,Parks_SD
park,City of San Diego Parks & Recreation,Hilltop Community Park & Recreation Center,HILLTOP CP & REC CENTER,Hilltop Community Park & Recreation Center,"14000 MC ENTEE ST, 92129",San Diego,CA,14000,32.97048037,-117.11955775,33.014800470000004,DEDIC PK/OS--ORD.,Y,RANCHO PEÑASQUITOS,40.0,2,0,0,0,0,0,2,0,0,0,0,Parks_SD
park,City of San Diego Parks & Recreation,Calumet Park,CALUMET NP,Calumet Park,"5433 Calumet Avenue, 92037",San Diego,CA,92037,32.810846,-117.2693896,0.72718268,DEDIC PK/OS--ORD.,Y,LA JOLLA,0.0,0,0,0,0,0,0,0,0,0,0,0,Parks_SD
park,City of San Diego Parks & Recreation,Silver Terrace Mini-Park,SILVER TERRACE MP,Silver Terrace Mini-Park,"5500 Friars Road, 92110",San Diego,CA,92110,32.764765309999994,-117.1918167,1.5383022, ,N,MORENA,45.0,1,1,0,0,0,0,0,0,0,0,0,Parks_SD
park,City of San Diego Parks & Recreation,Carmel Creek Neighborhood Park,CARMEL CREEK NP,Carmel Creek Neighborhood Park,"4260 Carmel Center Road, 92103",San Diego,CA,92103,32.95186593,-117.22492376,11.4862358,DEDIC PK/OS--ORD.,Y,CARMEL VALLEY,40.0,2,1,0,0,2,2,3,0,1,1,0,Parks_SD
park,City of San Diego Parks & Recreation,Carmel Mtn. Ranch Community Park & Recreation Center,CARMEL MTN RCH CP & REC CENTER,Carmel Mtn. Ranch Community Park & Recreation Center,"10166 RANCHO CARMEL DR, 92128",San Diego,CA,10166,32.96662407,-117.09173364,18.44799138,SEE L1203 ENTRIES,Y,CARMEL MOUNTAIN RANCH,40.0,1,0,0,0,2,1,2,0,0,1,0,Parks_SD
park,City of San Diego Parks & Recreation,Central Ave. Mini-Park,CENTRAL AVE MP,Central Ave. Mini-Park,"3660 CENTRAL AVE, 92105",San Diego,CA,92105,32.74512651,-117.10853014,0.67668947, PARK PER DEED,N,CITY HEIGHTS,41.0,0,0,0,0,0,0,0,0,0,0,0,Parks_SD
park,City of San Diego Parks & Recreation,Sunridge Vista Mini-Park,SUNRIDGE VISTA MP,Sunridge Vista Mini-Park,"10305 Azuaga St, 92129",San Diego,CA,10305,32.95977869,-117.10496277,3.10217361, ,Y,RANCHO PEÑASQUITOS,40.0,0,1,0,0,0,0,0,0,0,0,0,Parks_SD
park,City of San Diego Parks & Recreation,North Park Community Park & Recreation Center,NORTH PARK CP & REC CENTER,North Park Community Park & Recreation Center,"4044 Idaho St., 92104",San Diego,CA,92104,32.75242453,-117.13443722,8.361591859999999,SEE L1203 ENTRIES,Y,GREATER NORTH PARK,41.0,1,1,0,0,1,1,1,3,0,1,0,Parks_SD
park,City of San Diego Parks & Recreation,Lakeview Neighborhood Park,LAKEVIEW NP,Lakeview Neighborhood Park,"10794 MIRA LAGO TERRACE, 92131",San Diego,CA,10794,32.918391580000005,-117.08792576,13.19720107,UNKNOWN,Y,SCRIPPS MIRAMAR RANCH,40.0,2,0,0,0,0,0,0,0,0,1,0,Parks_SD
park,City of San Diego Parks & Recreation,Breen Neighborhood Park,BREEN NP,Breen Neighborhood Park,"11103 Polaris Drive, 92126",San Diego,CA,11103,32.92348492,-117.12980158,9.87654467,NONE,N,MIRA MESA,44.0,1,1,0,0,0,1,1,0,0,1,0,Parks_SD
park,City of San Diego Parks & Recreation,Dusty Rhodes Neighborhood Park,DUSTY RHODES NP,Dusty Rhodes Neighborhood Park,"2500 SUNSET CLIFFS BLVD,92107",San Diego,CA,92107,32.75215206,-117.23887385,20.49832015, ,Y,MISSION BAY PARK,45.0,1,1,0,0,0,1,0,0,0,1,0,Parks_SD
park,City of San Diego Parks & Recreation,Torrey Pines City Park,TORREY PINES CITY PARK,Torrey Pines City Park,"12001 TORREY PINES PARK RD, 92037",San Diego,CA,12001,32.89919901,-117.24828968,494.1398165899999,DEDIC PK/OS--ORD.,,UNIVERSITY,0.0,0,0,0,0,0,0,0,0,0,0,0,Parks_SD
park,City of San Diego Parks & Recreation,Miramar Overlook Neighborhood Park,MIRAMAR OVERLOOK NP,Miramar Overlook Neighborhood Park,"11417 Scripps Ranch Blvd, 92131",San Diego,CA,11417,32.92034148,-117.1022186,6.09007945,NONE,N,MIRAMAR RANCH NORTH,40.0,1,0,0,0,0,0,0,0,0,1,0,Parks_SD
park,City of San Diego Parks & Recreation,Montezuma Neighborhood Park,MONTEZUMA NP,Montezuma Neighborhood Park,"4941 CATOCTIN DR, 92115",San Diego,CA,92115,32.76742677,-117.0603238,1.57339647,DEDIC PK/OS--ORD.,Y,COLLEGE AREA,41.0,0,0,0,0,0,0,0,0,0,0,0,Parks_SD
park,City of San Diego Parks & Recreation,Penasquitos Town Center Neighborhood Park,PENASQUITOS TOWN CTR NP,Penasquitos Town Center Neighborhood Park,"13349 SALMON RIVER RD, 92129",San Diego,CA,13349,32.95913277,-117.12148548,1.90877427,NONE,N,RANCHO PEÑASQUITOS,40.0,0,0,0,0,0,0,0,0,0,0,0,Parks_SD
park,City of San Diego Parks & Recreation,Mission Beach Park,MISSION BEACH PARK,Mission Beach Park,"804 W MISSION BAY DR, 92109",San Diego,CA,92109,32.76821665,-117.2524361,49.850721580000005,DEDIC PK/OS--ORD.,Y,MISSION BEACH,0.0,0,0,0,0,0,0,1,0,26,3,0,Parks_SD
park,City of San Diego Parks & Recreation,Silver Wing Neighborhood Park & Recreation Center,SILVER WING NP & REC CENTER,Silver Wing Neighborhood Park & Recreation Center,"3737 Arey Dr., 92154",San Diego,CA,92154,32.5775372,-117.05257232,13.02504773,DEDIC PK/OS--ORD.,Y,OTAY MESA-NESTOR,42.0,1,1,0,0,2,1,2,0,0,1,0,Parks_SD
park,City of San Diego Parks & Recreation,41st Street Mini-Park,GAMMA MP (41ST ST MP),41st Street Mini-Park,"4105 Gamma St., 92113",San Diego,CA,92113,32.68950051,-117.10577523,0.16076068,DEDIC PK/OS--ORD.,Y,SOUTHEASTERN SAN DIEGO,43.0,2,0,0,0,0,0,0,0,0,0,0,Parks_SD
park,City of San Diego Parks & Recreation,Solana Highlands Neighborhood Park,SOLANA HIGHLANDS NP,Solana Highlands Neighborhood Park,"3520 Long Run Drive, 92130",San Diego,CA,92130,32.95589948000001,-117.23889057,11.812220320000002,DEDIC PK/OS--ORD.,Y,CARMEL VALLEY,40.0,1,0,0,0,2,1,0,0,0,0,0,Parks_SD
park,City of San Diego Parks & Recreation,Walls of Excellence Mini-Park,WALLS OF EXCELLENCE MP,Walls of Excellence Mini-Park,"4932 IMPERIAL AVE, 92102",San Diego,CA,92102,32.70437822,-117.0884119,0.08945627, ,N,ENCANTO,43.0,0,0,0,0,0,0,0,0,0,0,0,Parks_SD
park,City of San Diego Parks & Recreation,Cadman Community Park & Recreation Centers,CADMAN CP & REC CENTERS,Cadman Community Park & Recreation Centers,"4280 Avati Drive, 92117",San Diego,CA,92117,32.820533000000005,-117.21587986,8.348854560000001,DEDIC PK/OS--ORD.,Y,CLAIREMONT MESA,44.0,0,1,1,0,0,0,1,1,0,0,0,Parks_SD
park,City of San Diego Parks & Recreation,Coral Gate Neighborhood Park,CORAL GATE NP,Coral Gate Neighborhood Park,"3279 Anella Rd., 92173",San Diego,CA,92173,32.54507023,-117.04974674,3.00381587,UNKNOWN,N,SAN YSIDRO,42.0,1,1,0,0,0,0,0,0,0,0,0,Parks_SD
park,City of San Diego Parks & Recreation,Marina Linear Park,MARINA LINEAR NP,Marina Linear Park,"176 HARBOR DR, 92101",San Diego,CA,92101,32.70804741,-117.16142203,1.93385473,NONE,N,DOWNTOWN,45.0,0,0,0,0,0,0,0,0,0,0,0,Parks_SD
park,City of San Diego Parks & Recreation,East Gate Mini-Park #2,EAST GATE MP #2,East Gate Mini-Park #2,"9825 TOWNE CENTRE DR, 92121",San Diego,CA,92121,32.88595851,-117.21259912,0.48891368, ,N,UNIVERSITY CITY,44.0,0,0,0,0,0,0,0,0,0,0,0,Parks_SD
park,City of San Diego Parks & Recreation,Horton Plaza Park,HORTON PLAZA NP,Horton Plaza Park,"325 Broadway Ave, 92101",San Diego,CA,92101,32.71539187,-117.16152859,1.30395222,DEDIC PK/OS--ORD.,,DOWNTOWN,45.0,0,0,0,0,0,0,0,0,0,0,0,Parks_SD
park,City of San Diego Parks & Recreation,West Lewis Mini-Park,W LEWIS ST MP,West Lewis Mini-Park,"792 W LEWIS ST, 92103",San Diego,CA,92103,32.751837980000005,-117.17070865,0.21995779, ,N,UPTOWN,41.0,0,0,0,0,0,0,0,0,0,0,0,Parks_SD
park,City of San Diego Parks & Recreation,Gompers Neighborhood Park,GOMPERS NP,Gompers Neighborhood Park,"4926 Hilltop Dr., 92102",San Diego,CA,92102,32.71598436,-117.08876104,4.73441056,DEDIC PK/OS--ORD.,Y,ENCANTO,43.0,1,1,0,0,0,0,0,0,0,1,0,Parks_SD
park,City of San Diego Parks & Recreation,Torrey Hills Neighborhood Park,TORREY HILLS NP,Torrey Hills Neighborhood Park,"4262 Calle Mejillones, 92130",San Diego,CA,92130,32.91805124,-117.2227715,14.96102936,DEDIC PK/OS--ORD.,Y,TORREY HILLS,40.0,1,1,0,0,2,2,1,0,0,1,0,Parks_SD
park,City of San Diego Parks & Recreation,Hawk Pocket Park,HAWK POCKET PARK,Hawk Pocket Park,Guymon St.,San Diego,CA,,,,0.78878549,,N,ENCANTO,43.0,1,1,0,0,0,0,0,0,0,1,0,Parks_SD
park,City of San Diego Parks & Recreation,Ocean View Hills Neighborhood Park,OCEAN VIEW HILLS NP,Ocean View Hills Neighborhood Park,"4925 OCEAN VIEW HILLS PKWY, 92154",San Diego,CA,92154,32.581963099999996,-117.02660386,5.11248349,NONE,N,OTAY MESA,42.0,1,1,0,0,0,0,1,0,0,0,0,Parks_SD
park,City of San Diego Parks & Recreation,Carmel View Mini-Park,CARMEL VIEW MP,Carmel View Mini-Park,"3764 VALLEY CENTRE DR,92130",San Diego,CA,92130,32.93803882,-117.23398774,0.957732, ,N,CARMEL VALLEY,40.0,0,0,0,0,0,0,0,0,0,0,0,Parks_SD
park,City of San Diego Parks & Recreation,Old Trolley Barn Neighborhood Park,OLD TROLLEY BARN NP,Old Trolley Barn Neighborhood Park,"1900 Adams Ave., 92116",San Diego,CA,92116,32.76294158,-117.1437597,3.58681635,DEDIC PK/OS--ORD.,Y,UPTOWN,41.0,0,1,0,0,0,0,0,0,0,0,0,Parks_SD
park,City of San Diego Parks & Recreation,Sunnyslope Neighborhood Park,SUNNYSLOPE NP,Sunnyslope Neighborhood Park,"2600 Elm St., 92154",San Diego,CA,92154,32.58097443,-117.07812342,4.234684120000001,DEDIC PK/OS--ORD.,Y,OTAY MESA-NESTOR,42.0,1,1,0,0,0,0,1,0,0,0,0,Parks_SD
park,City of San Diego Parks & Recreation,Charles L. Stevens III Memorial Park,CHARLES LEWIS III MEMORIAL PARK,Charles L. Stevens III Memorial Park,"4632 HOME AVE, 92105",San Diego,CA,92105,32.73405125,-117.09329129,6.22786189,DEDIC PK/OS--ORD.,Y,MID-CITY: CITY HEIGHTS,41.0,0,0,0,0,0,0,0,0,0,1,0,Parks_SD
park,City of San Diego Parks & Recreation,Mission Heights Neighborhood Park,MISSION HEIGHTS NP,Mission Heights Neighborhood Park,"1716 Westinghouse Street, 92111",San Diego,CA,92111,32.77515596,-117.16693575,11.25536664,DEDIC PK/OS--ORD.,Y,LINDA VISTA,45.0,1,0,0,0,1,1,0,0,0,0,0,Parks_SD
park,City of San Diego Parks & Recreation,Laureate Mini-Park,LAUREATE/MATA PARK MP,Laureate Mini-Park,"2219 AVE DE LA PLAYA, 92037",San Diego,CA,92037,32.85363219,-117.25521731,0.48256413,DEDIC PK/OS--ORD.,Y,LA JOLLA,44.0,0,0,0,0,0,0,0,0,0,0,0,Parks_SD
park,City of San Diego Parks & Recreation,Camp Elloit Park,CAMP ELLIOTT NP (Undeveloped),Camp Elloit Park,"4916 Calle De Vida, 92124",San Diego,CA,92124,32.82289719,-117.07574539,6.620215010000001,SEE L1203 ENTRIES,N,TIERRASANTA,45.0,0,0,0,0,0,0,0,0,0,0,0,Parks_SD
park,City of San Diego Parks & Recreation,Montclair Neighborhood Park,MONTCLAIR NP,Montclair Neighborhood Park,"2786 VANCOUVER AVE, 92104",San Diego,CA,92104,32.735124000000006,-117.11638662,9.14643339,DEDIC PK/OS--ORD.,N,GREATER NORTH PARK,41.0,1,0,0,0,0,0,0,0,0,0,0,Parks_SD
park,City of San Diego Parks & Recreation,Wightman Street Neighborhood Park,WIGHTMAN ST NP,Wightman Street Neighborhood Park,"5028 WIGHTMAN ST, 92105",San Diego,CA,92105,32.74780197,-117.08584594,0.97041913,NONE,N,MID-CITY: CITY HEIGHTS,41.0,1,1,0,0,0,0,0,0,0,0,0,Parks_SD
park,City of San Diego Parks & Recreation,Town and Country Neighborhood Park,TOWN AND COUNTRY NEIGHBORHOOD PARK,Town and Country Neighborhood Park,"500 Hotel Cir N, 92108",San Diego,CA,92108,1859362.128,6279494.85425,3.31,PARK PER DEED,,MISSION VALLEY,45.0,0,0,0,0,0,0,0,0,0,0,0,Parks_SD
park,City of San Diego Parks & Recreation,La Jolla Athletic Area-Allen Field,LA JOLLA ATHLETIC AREA,La Jolla Athletic Area-Allen Field,"4636 Torrey Pines Road, 92130",San Diego,CA,92130,32.86778754,-117.24351133,6.7673885,DEDIC PK/OS--ORD.,Y,LA JOLLA,44.0,0,0,0,0,0,2,0,0,0,0,0,Parks_SD
park,City of San Diego Parks & Recreation,Hoyt Neighborhood Park,HOYT NP,Hoyt Neighborhood Park,"10805 CANYON LAKE DR, 92131",San Diego,CA,10805,32.9051285,-117.09948977,3.00082082, ,Y,SCRIPPS MIRAMAR RANCH,40.0,1,0,0,0,0,0,0,0,0,0,0,Parks_SD
park,City of San Diego Parks & Recreation,Pacific Beach Community Park & Recreation Center,PACIFIC BEACH CP & REC CENTER,Pacific Beach Community Park & Recreation Center,"1405 Diamond Street, 92109",San Diego,CA,92109,32.80139402,-117.24470681,1.66234465,DEDIC PK/OS--ORD.,Y,PACIFIC BEACH,44.0,1,1,0,0,0,0,2,2,0,0,4,Parks_SD
park,City of San Diego Parks & Recreation,Black Mountain Ranch Community Park,BLACK MOUNTAIN RANCH CP,Black Mountain Ranch Community Park,"14700 Carmel Valley Road, 92128",San Diego,CA,14700,32.98884809,-117.12958,42.93536341,SEE L1203 ENTRIES,N,BLACK MOUNTAIN RANCH,40.0,0,0,0,0,4,3,0,0,0,0,0,Parks_SD
park,City of San Diego Parks & Recreation,Canon Street Mini-Park,CANON STREET MP (Undeveloped),Canon Street Mini-Park,North end of Avendia de Portugal St.  92107,San Diego,CA,92107,32.72450252,-117.23591508,1.2962952,NONE,N,PENINSULA,45.0,0,0,0,0,0,0,0,0,0,0,0,Parks_SD
park,City of San Diego Parks & Recreation,Hermosa Terrace Park,HERMOSA TERRACE PARK (Undeveloped),Hermosa Terrace Park,"6500 NEPTUNE PL, 92037",San Diego,CA,92037,32.8257191,-117.27983083,0.99359978,DEDIC PK/OS--ORD.,,LA JOLLA,0.0,0,0,0,0,0,0,0,0,0,0,0,Parks_SD
park,City of San Diego Parks & Recreation,Ward Canyon Neighborhood Park,WARD CANYON NP,Ward Canyon Neighborhood Park,"4642 40TH ST, 92116",San Diego,CA,92116,32.76209345,-117.11054628,5.508530879999999, ,N,MID-CITY: NORMAL HEIGHTS,41.0,1,1,0,0,0,0,0,0,0,1,0,Parks_SD
park,City of San Diego Parks & Recreation,Martin Ave. Mini-Park,MARTIN AVE MP (Undeveloped),Martin Ave. Mini-Park,"3469 MARTIN AVE, 92113",San Diego,CA,92113,32.69918034,-117.1193186,0.1496101,NONE,N,SOUTHEASTERN SAN DIEGO,43.0,0,0,0,0,0,0,0,0,0,0,0,Parks_SD
park,City of San Diego Parks & Recreation,Doyle Community Park & Recreation Center,DOYLE CP & REC CENTER,Doyle Community Park & Recreation Center,"3950 Berino Court, 92122",San Diego,CA,92122,32.864537,-117.21922999,26.33045463,DEDIC PK/OS--ORD.,Y,UNIVERSITY,44.0,1,2,0,1,2,1,2,0,1,2,0,Parks_SD
park,City of San Diego Parks & Recreation,Parkside Neighborhood Park,PARKSIDE NP,Parkside Neighborhood Park,"6240 Parkside Ave., 92139",San Diego,CA,92139,32.66769718,-117.05171272,5.49749805,DEDIC PK/OS--ORD.,Y,SKYLINE-PARADISE HILLS,43.0,1,1,0,0,0,0,1,0,0,0,0,Parks_SD
park,City of San Diego Parks & Recreation,Mission Beach Pocket Park,MISSION BEACH POCKET PARK,Mission Beach Pocket Park,,San Diego,CA,,32.462856,-117.15557,0.32,PARK PER DEED,N,MISSION BEACH,44.0,0,0,0,0,0,0,0,0,0,0,0,Parks_SD
park,City of San Diego Parks & Recreation,South Creek Neighborhood Park,SOUTH CREEK NP,South Creek Neighborhood Park,"12245 Wickerbay Cove, 92128",San Diego,CA,12245,32.94277751,-117.07968969,4.63335864,DEDIC PK/OS--ORD.,Y,SABRE SPRINGS,40.0,1,1,0,0,1,1,0,0,0,1,0,Parks_SD
park,City of San Diego Parks & Recreation,Ocean View Mini-Park,OCEAN VIEW MP (Undeveloped),Ocean View Mini-Park,"4294 OCEAN VIEW BLVD, 92113",San Diego,CA,92113,32.70083427,-117.10240404,0.22263707,NONE,N,SOUTHEASTERN SAN DIEGO,43.0,0,0,0,0,0,0,0,0,0,0,0,Parks_SD
park,City of San Diego Parks & Recreation,Torrey Del Mar Neighborhood Park,TORREY DEL MAR NP,Torrey Del Mar Neighborhood Park,"7693 McGonigle Trail, 92130",San Diego,CA,92130,32.96762603,-117.16132605,4.78780055,NONE,N,TORREY HIGHLANDS,40.0,1,1,0,0,0,0,0,0,0,1,0,Parks_SD
park,City of San Diego Parks & Recreation,South Clairemont Community Park Recreation Center,SOUTH CLAIREMONT CP & REC CENTER,South Clairemont Community Park Recreation Center,"3577 CLAIREMONT DR, 92117",San Diego,CA,92117,32.805861619999995,-117.19932139999997,9.77992736,DEDIC PK/OS--ORD.,Y,CLAIREMONT MESA,44.0,1,1,0,0,0,0,1,1,0,0,0,Parks_SD
park,City of San Diego Parks & Recreation,Virgie Hazel McCain and William Henry Carter Mini-Park,MCCAIN & CARTER MP,Virgie Hazel McCain and William Henry Carter Mini-Park,"3032 39TH ST, 92105",San Diego,CA,92105,32.737239530000004,-117.11040201,0.34289426,DEDICATED PARKLAND,Y,MID-CITY: CITY HEIGHTS,41.0,1,0,0,0,0,0,0,0,0,0,0,Parks_SD
park,City of San Diego Parks & Recreation,Howard Lane Neighborhood Park,HOWARD LANE NP,Howard Lane Neighborhood Park,"1626 DAIRY MART RD, 92173",San Diego,CA,92173,32.56662491,-117.06370354,6.76979441,DEDIC PK/OS--ORD.,,SAN YSIDRO,42.0,1,0,0,0,0,1,2,0,0,0,0,Parks_SD
park,City of San Diego Parks & Recreation,Dry Creek Mini-Park,DRY CREEK MP,Dry Creek Mini-Park,"11369 Scripps Creek Drive,92131",San Diego,CA,11369,32.92559718,-117.08882082,0.98817976, ,N,MIRAMAR RANCH NORTH,40.0,0,0,0,0,0,0,0,0,0,0,0,Parks_SD
park,City of San Diego Parks & Recreation,Aviary Neighborhood Park,AVIARY NP (Undeveloped),Aviary Neighborhood Park,"9782 Aviary Drive., 92131",San Diego,CA,92131,32.90113707,-117.1026167,2.25577862,DEDIC PK/OS--ORD.,Y,SCRIPPS MIRAMAR RANCH,40.0,0,0,0,0,0,0,0,0,0,0,0,Parks_SD
park,City of San Diego Parks & Recreation,Ocean Beach Athletic Area Robb Field,OCEAN BEACH ATHLETIC AREA ROBB FIELD,Ocean Beach Athletic Area Robb Field,"2525 Bacon Street, 92107",San Diego,CA,92107,32.75418006,-117.24133566,61.6629069, ,Y,MISSION BAY PARK,45.0,1,0,7,0,1,4,2,12,1,3,0,Parks_SD
park,City of San Diego Parks & Recreation,John F. Kennedy Neighborhood Park,KENNEDY JOHN F NP,John F. Kennedy Neighborhood Park,"4825 Ocean View Bl., 92113",San Diego,CA,92113,32.69953407,-117.09108099999997,4.14349873,DEDIC PK/OS--ORD.,Y,ENCANTO,43.0,1,0,0,0,0,0,0,0,0,1,0,Parks_SD
park,City of San Diego Parks & Recreation,Sandburg Neighborhood Park,SANDBURG NP,Sandburg Neighborhood Park,"11170 Avenida del Gato, 92126",San Diego,CA,11170,32.92460836,-117.14890859,4.78758125,DEDIC PK/OS--ORD.,,MIRA MESA,44.0,1,1,0,0,0,0,0,0,0,0,0,Parks_SD
park,City of San Diego Parks & Recreation,Palm Ridge Neighborhood Park,PALM RIDGE NP,Palm Ridge Neighborhood Park,"751 Firethorn St., 92154",San Diego,CA,92154,32.58274849,-117.03925401999997,8.15386161,DEDIC PK/OS--ORD.,Y,OTAY MESA-NESTOR,42.0,1,0,0,1,1,1,1,0,0,1,0,Parks_SD
park,City of San Diego Parks & Recreation,Tourmaline Surfing Park,TOURMALINE SURFING NP,Tourmaline Surfing Park,"601 Tourmaline Street, 92109",San Diego,CA,92109,32.80641255,-117.26305601,7.99260657,DEDIC PK/OS--ORD.,Y,PACIFIC BEACH,0.0,0,0,0,0,0,0,0,0,0,1,0,Parks_SD
park,City of San Diego Parks & Recreation,Crest Canyon Neighborhood Park,CREST CYN NP (Undeveloped),Crest Canyon Neighborhood Park,"2250 Del Mar Heights Road, 92130",San Diego,CA,92130,32.95034103,-117.25402101,10.44022159,DEDIC PK/OS--ORD.,Y,TORREY PINES,40.0,0,0,0,0,0,0,0,0,0,0,0,Parks_SD
park,City of San Diego Parks & Recreation,Del Sur Neighborhood Park,DEL SUR NEIGHBORHOOD PARK,Del Sur Neighborhood Park,"15800 Block of Paseo Montenero,",San Diego,CA,15800,,,5.03600641,NONE,N,BLACK MOUNTAIN RANCH,40.0,1,0,0,0,0,1,1,1,0,1,0,Parks_SD
park,City of San Diego Parks & Recreation,Bedlow Neighborhood Park,BEDLOW NP (undeveloped),Bedlow Neighborhood Park,6800 block of Monte Verde Dr.  92119,San Diego,CA,92119,32.811713010000005,-117.04852199,2.89043119,NONE,N,NAVAJO,45.0,0,0,0,0,0,0,0,0,0,0,0,Parks_SD
park,City of San Diego Parks & Recreation,Lindbergh Neighborhood Park,LINDBERGH NP,Lindbergh Neighborhood Park,"4141 Ashford Street, 92111",San Diego,CA,92111,32.818980769999996,-117.16228492,7.98108111,DEDIC PK/OS--ORD.,Y,CLAIREMONT MESA,45.0,1,0,0,0,0,1,2,0,0,1,0,Parks_SD
park,City of San Diego Parks & Recreation,Cherokee Point Neighborhood Park,CHEROKEE POINT NP,Cherokee Point Neighborhood Park,"3901 Landis St., 92105",San Diego,CA,92105,32.7466225,-117.11226734,1.48325374,DEDIC PK/OS--ORD.,N,MID-CITY: CITY HEIGHTS,41.0,1,1,0,0,0,0,0,0,0,1,0,Parks_SD
park,City of San Diego Parks & Recreation,Adams Ave. Community Park & Recreation Center,ADAMS AVENUE CP & REC CENTER,Adams Ave. Community Park & Recreation Center,"3491 Adams Ave., 92116",San Diego,CA,92116,32.762999990000004,-117.11780132,1.46054256,DEDIC PK/OS--ORD.,Y,MID-CITY: NORMAL HEIGHTS,41.0,0,1,0,0,1,0,0,0,0,0,0,Parks_SD
park,City of San Diego Parks & Recreation,Nestor Neighborhood Park,NESTOR NP,Nestor Neighborhood Park,"2423 Grove Ave., 92154",San Diego,CA,92154,32.57141738,-117.08121676,4.98771184,DEDIC PK/OS--ORD.,Y,OTAY MESA-NESTOR,42.0,1,0,0,0,0,1,0,0,0,0,0,Parks_SD
park,City of San Diego Parks & Recreation,Pacific Highlands Ranch Community Park & Recreation Center,PACIFIC HIGHLANDS RANCH CP & REC CENTER,Pacific Highlands Ranch Community Park & Recreation Center,5977 Village Center Loop Rd.  92130,San Diego,CA,92130,,,13.50488129,PARK PER DEED,N,PACIFIC HIGHLANDS RANCH,40.0,1,1,0,0,1,1,2,0,0,0,2,Parks_SD
park,City of San Diego Parks & Recreation,Chollas Parkway Open Space Park,CHOLLAS PARKWAY OPEN SPACE,Chollas Parkway Open Space Park,"2891 EUCLID AVE, 92105",San Diego,CA,92105,32.736607930000005,-117.08732131,34.89563626,NONE,N,MID-CITY: CITY HEIGHTS,41.0,0,0,0,0,0,0,0,0,0,0,0,Parks_SD
park,City of San Diego Parks & Recreation,Ocean Beach Regional Park (Saratoga & Brighton),OCEAN BEACH REGIONAL PARK,Ocean Beach Regional Park (Saratoga & Brighton),Wet end of Brighton St.  92107,San Diego,CA,92107,,,32.70761898,DEDIC PK/OS-ORD,Y,OCEAN BEACH,0.0,0,0,0,0,0,0,0,0,10,2,0,Parks_SD
park,City of San Diego Parks & Recreation,Fault Line Park,FAULT LINE PARK,Fault Line Park,14th and J Streets,San Diego,CA,,,,1.25207869,PARK PER DEED,N,DOWNTOWN,45.0,2,0,0,0,0,0,0,0,0,0,0,Parks_SD
park,City of San Diego Parks & Recreation,San Carlos Pocket Park,SAN CARLOS POCKET NP,San Carlos Pocket Park,"6599 E LAKE DR, 92119",San Diego,CA,92119,32.80116204,-117.00640321,0.41436976,NONE,N,NAVAJO,45.0,0,0,0,0,0,0,0,0,0,0,0,Parks_SD
park,City of San Diego Parks & Recreation,East Clairemont Athletic Area,E CLAIREMONT ATHL AREA,East Clairemont Athletic Area,"3451 Mt. Acadia Boulevard, 92111",San Diego,CA,92111,32.803565909999996,-117.18328214,9.13068389,DEDIC PK/OS--ORD.,,CLAIREMONT MESA,44.0,1,0,1,0,3,0,0,0,0,1,0,Parks_SD
park,City of San Diego Parks & Recreation,Tuxedo Neighborhood Park,TUXEDO NP,Tuxedo Neighborhood Park,"6978 Tuxedo Rd., 92119",San Diego,CA,92119,32.81019647,-117.0472157,10.0805059,DEDIC PK/OS--ORD.,Y,NAVAJO,45.0,1,1,0,0,0,0,1,0,0,0,0,Parks_SD
park,City of San Diego Parks & Recreation,32nd Street Mini-Park,32ND ST MP (Undeveloped),32nd Street Mini-Park,"3145 32ND ST., 92104",San Diego,CA,92104,32.738133100000006,-117.12530915,0.138711,DEDIC PK/OS--ORD.,Y,GREATER NORTH PARK,41.0,0,0,0,0,0,0,0,0,0,0,0,Parks_SD
park,City of San Diego Parks & Recreation,Nobel Athletic Area & Recreation Center,NOBEL ATHLETIC AREA & REC CENTER,Nobel Athletic Area & Recreation Center,"8810 Judicial Drive, 92121",San Diego,CA,92121,32.867275979999995,-117.19966337,29.12469045,NONE,N,UNIVERSITY,44.0,2,1,0,0,2,2,1,0,0,1,2,Parks_SD
park,City of San Diego Parks & Recreation,Los Altos Neighborhood Park,LOS ALTOS NP (Undeveloped),Los Altos Neighborhood Park,"3898 MARZO ST, 92154",San Diego,CA,92154,32.56997517,-117.05040193,10.2881282,DEDIC PK/OS--ORD.,Y,OTAY MESA-NESTOR,42.0,0,0,0,0,0,0,0,0,0,0,0,Parks_SD
park,City of San Diego Parks & Recreation,J Street Mini-Park,J ST MP,J Street Mini-Park,"3291 J St., 92102",San Diego,CA,92102,32.70975025,-117.12280798,0.21975204,DEDIC PK/OS--ORD.,Y,SOUTHEASTERN SAN DIEGO,42.0,1,0,0,0,0,0,0,0,0,0,0,Parks_SD
park,City of San Diego Parks & Recreation,Univeristy Gardens Neighborhood Park,UNIVERSITY GARDENS NP,Univeristy Gardens Neighborhood Park,"6431 Gullstrand Street, 92122",San Diego,CA,92122,32.85405996,-117.19020325,13.32132969,DEDIC PK/OS--ORD.,Y,UNIVERSITY,44.0,1,1,1,0,0,1,0,0,0,1,0,Parks_SD
park,City of San Diego Parks & Recreation,Neighborhood 8 Neighborhood Park,NEIGHBORHOOD 8 NP (Undeveloped),Neighborhood 8 Neighborhood Park,"11900 Carmel Creek RD,92130",San Diego,CA,11900,32.93619581,-117.22265604,19.750974770000003,DESIGNATED PARKLAND,N,CARMEL VALLEY,40.0,0,0,0,0,0,0,0,0,0,0,0,Parks_SD
park,City of San Diego Parks & Recreation,North Park Mini-Park,NORTH PARK MP,North Park Mini-Park,"2874 N PARK WAY, 92104",San Diego,CA,92104,32.74761562,-117.13147375,0.5396316, , ,NORTH PARK,41.0,0,0,0,0,0,0,0,0,0,0,0,Parks_SD
park,City of San Diego Parks & Recreation,Stonebridge Neighborhood Park,STONEBRIDGE NP,Stonebridge Neighborhood Park,15030 Sycamore Trail Rd.,San Diego,CA,15030,32.9243609,-117.02012052,8.13397368,DEDICATED PARKLAND,N,RANCHO ENCANTADA,40.0,1,1,0,0,2,1,0,0,1,1,0,Parks_SD
park,City of San Diego Parks & Recreation,Nicholson's Point Park,NICHOLSON'S POINT NP (Undeveloped),Nicholson's Point Park,"246 COAST BLVD, 92037",San Diego,CA,92037,32.838921510000006,-117.28162873,0.50988216,DEDIC PK/OS--ORD.,Y,LA JOLLA,0.0,0,0,0,0,0,0,0,0,0,0,0,Parks_SD
park,City of San Diego Parks & Recreation,Del Mar Mesa Neighborhood Park,ELIZABETH RABBIT NP (DEL MAR MESA NP),Del Mar Mesa Neighborhood Park,"6622 DUCK POND LN, 92130",San Diego,CA,92130,32.94089137,-117.1817044,3.71441571,SEE L1203 ENTRIES,N,DEL MAR MESA,40.0,1,1,0,0,0,0,0,0,0,1,0,Parks_SD
park,City of San Diego Parks & Recreation,Mesa Viking Neighborhood Park,MESA VIKING NP,Mesa Viking Neighborhood Park,"11278 Westonhill Drive, 92126",San Diego,CA,11278,32.925431180000004,-117.13646313,6.63386529,DEDIC PK/OS--ORD.,Y,MIRA MESA,44.0,1,1,0,0,0,0,1,0,0,0,0,Parks_SD
park,City of San Diego Parks & Recreation,Montgomery Waller Community Park & Recreation Center,MONTGOMERY-WALLER CP & REC CENTER,Montgomery Waller Community Park & Recreation Center,"3020 Coronado Ave., 92154",San Diego,CA,92154,32.58079461,-117.06866647,58.87172412,SEE L1203 ENTRIES,Y,OTAY MESA-NESTOR,42.0,2,0,1,1,3,2,2,0,0,1,0,Parks_SD
park,City of San Diego Parks & Recreation,Lopez Ridge Neighborhood Park & Recreation Center,LOPEZ RIDGE NP & REC CENTER,Lopez Ridge Neighborhood Park & Recreation Center,"7245 Calle Cristobal, 92126",San Diego,CA,92126,32.92072199,-117.16730103,18.24350271,DEDIC PK/OS--ORD.,Y,MIRA MESA,44.0,1,1,0,0,1,1,1,0,0,0,0,Parks_SD
park,City of San Diego Parks & Recreation,John P. Baca Park,JOHN P. BACA PARK,John P. Baca Park,Linda Vista Rd. and Comstock St.  92111,San Diego,CA,92111,32.78491625,-117.17133252,1.69623148,DEDIC PK/OS-ORD,Y,LINDA VISTA,45.0,0,0,0,0,0,0,0,0,0,0,0,Parks_SD
park,City of San Diego Parks & Recreation,Mount Etna Neighborhood Park,MT ETNA NP,Mount Etna Neighborhood Park,"4741 Mt Etna Drive, 92117",San Diego,CA,92117,32.82209874,-117.19218567,7.32172513,DEDIC PK/OS--ORD.,Y,CLAIREMONT MESA,44.0,1,0,3,0,0,0,0,0,0,1,0,Parks_SD
park,City of San Diego Parks & Recreation,Soledad Natural Open Space Park,SOLEDAD NATURAL PARK,Soledad Natural Open Space Park,"7016 SOLEDAD PARK RD, 92037",San Diego,CA,92037,32.84081871,-117.24406477,3.215766, ,Y,LA JOLLA,44.0,0,0,0,0,0,0,0,0,0,0,0,Parks_SD
park,City of San Diego Parks & Recreation,Chicano Regional Park,CHICANO PARK,Chicano Regional Park,"1982 National Ave., 92113",San Diego,CA,92113,32.70025377,-117.14340798,1.00339426,SEE L1203 ENTRIES,,BARRIO LOGAN,42.0,1,1,0,0,0,0,2,0,0,1,0,Parks_SD
park,City of San Diego Parks & Recreation,Vail Creek Neighborhood Park,VAIL CREEK NP,Vail Creek Neighborhood Park,"5116 CARMEL KNOLLS DR, 92130",San Diego,CA,92130,32.94913472,-117.20532567,1.33882923, ,Y,CARMEL VALLEY,40.0,0,0,0,0,0,0,0,0,0,0,0,Parks_SD
park,City of San Diego Parks & Recreation,Villa La Jolla Neighborhood Park,VILLA LA JOLLA NP,Villa La Jolla Neighborhood Park,"8341 VIA MALLORCA, 92037",San Diego,CA,92037,32.85739769,-117.23429536,5.79195782,DEDIC PK/OS--ORD.,Y,UNIVERSITY,44.0,1,1,0,0,0,0,0,0,0,0,0,Parks_SD
park,City of San Diego Parks & Recreation,Boone Neighborhood Park,BOONE NP,Boone Neighborhood Park,"7248 Bullock Dr., 92114",San Diego,CA,92114,32.69785512,-117.03775246,4.408922,DEDIC PK/OS--ORD.,Y,SKYLINE-PARADISE HILLS,43.0,1,0,0,0,0,0,1,0,0,0,0,Parks_SD
park,City of San Diego Parks & Recreation,Murray Ridge Neighborhood Park,MURRAY RIDGE NP,Murray Ridge Neighborhood Park,"8651 Celestine Avenue, 92123",San Diego,CA,92123,32.79025232,-117.14688636,10.69510972,DEDIC PK/OS--ORD.,Y,SERRA MESA,45.0,1,0,0,0,0,1,1,1,0,0,2,Parks_SD
park,City of San Diego Parks & Recreation,Via Del Norte Mini-Park,VIA DEL NORTE MP,Via Del Norte Mini-Park,"6165 LA JOLLA HERMOSA AVE, 92037",San Diego,CA,92037,32.82290863,-117.27426322,0.36450885,DEDIC PK/OS--ORD.,,LA JOLLA,44.0,1,0,0,0,0,0,0,0,0,0,0,Parks_SD
park,City of San Diego Parks & Recreation,King Promenade,KING PROMENADE NP,King Promenade,"326 W HARBOR DR, 92101",San Diego,CA,92101,32.71062962,-117.16637868,0.51873681,NONE,N,DOWNTOWN,45.0,0,0,0,0,0,0,0,0,0,0,0,Parks_SD
park,City of San Diego Parks & Recreation,Linda Vista Community Park & Recreation Center,LINDA VISTA CP & REC CENTER,Linda Vista Community Park & Recreation Center,"6842 OSLER ST, 92111",San Diego,CA,92111,32.79244817,-117.17060753,15.9421612,DEDIC PK/OS--ORD.,Y,LINDA VISTA,45.0,1,1,0,0,2,1,1,4,0,1,1,Parks_SD
park,City of San Diego Parks & Recreation,San Ysidro Athletic Area Larsen Field,SAN YSIDRO ATHL AREA LARSEN FIELD,San Ysidro Athletic Area Larsen Field,"455 SYCAMORE RD, 92173",San Diego,CA,92173,32.546331460000005,-117.0455566,17.08615068,SEE L1203 ENTRIES,N,SAN YSIDRO,42.0,1,1,0,1,2,3,0,0,0,0,0,Parks_SD
park,City of San Diego Parks & Recreation,Vista Pacifica Neighborhood Park,VISTA PACIFICA NP,Vista Pacifica Neighborhood Park,"6066 Avenida de las Vistas, 92154",San Diego,CA,92154,32.58169852,-117.00551293,6.87237924,SEE L1203 ENTRIES,N,OTAY MESA,42.0,1,1,0,0,2,1,1,0,1,1,0,Parks_SD
park,City of San Diego Parks & Recreation,Canyonside Community Park & Recreation Center,CANYONSIDE CP & REC CENTER,Canyonside Community Park & Recreation Center,"12350 Black Mountain Road, 92129",San Diego,CA,12350,32.94209331,-117.13292329,42.86312289,DEDIC PK/OS--ORD.,Y,RANCHO PEÑASQUITOS,40.0,1,0,4,0,5,3,0,12,0,1,0,Parks_SD
park,City of San Diego Parks & Recreation,Cabrillo Heights,CABRILLO HEIGHTS NP,Cabrillo Heights,"8308 Hurlbut Street, 92123",San Diego,CA,92123,32.80569831,-117.14766884,13.88534684,DEDIC PK/OS--ORD.,Y,SERRA MESA,45.0,2,0,3,1,0,2,0,0,0,3,0,Parks_SD
park,City of San Diego Parks & Recreation,Coast Blvd. Park,COAST BLVD RP (Undeveloped),Coast Blvd. Park,"322 COAST BLVD, 92037",San Diego,CA,92037,32.840957669999995,-117.28155496,0.01596112,SEE L1203 ENTRIES,N,LA JOLLA,,0,0,0,0,0,0,0,0,0,0,0,Parks_SD
park,City of San Diego Parks & Recreation,Canyon Hills Resource Park,CANYON HILLS RESOURCE PARK (Undeveloped),Canyon Hills Resource Park,"12300 Alemania Rd,92129",San Diego,CA,12300,32.935231800000004,-117.11564358,54.39851733,NONE,Y,MIRA MESA,44.0,0,0,0,0,0,0,0,0,0,0,0,Parks_SD
park,City of San Diego Parks & Recreation,Rancho Mission Canyon Neighborhood Park,RANCHO MISSION CANYON NP,Rancho Mission Canyon Neighborhood Park,"7635 MARGERUM AVE, 92120",San Diego,CA,92120,32.8067117,-117.06437528,18.98605105,DEDIC PK/OS--ORD.,Y,NAVAJO,45.0,1,1,0,0,0,1,0,0,0,0,0,Parks_SD
park,City of San Diego Parks & Recreation,Torrey Meadows Neighborhood Park,TORREY MEADOWS NP,Torrey Meadows Neighborhood Park,"13516 TORREY MEADOWS DR, 92129",San Diego,CA,13516,32.96466711,-117.15634778,5.346268609999999,NONE,N,TORREY HIGHLANDS,40.0,2,1,0,0,0,1,0,0,0,1,0,Parks_SD
park,City of San Diego Parks & Recreation,Mission Hills Neighborhood Park,MISSION HILLS NP,Mission Hills Neighborhood Park,"1586 WASHINGTON PL, 92103",San Diego,CA,92103,32.74940698,-117.17813237,11.35388099,DEDIC PK/OS--ORD.,Y,UPTOWN,0.0,1,1,0,0,0,1,0,2,0,1,0,Parks_SD
park,City of San Diego Parks & Recreation,Carmel Valley Neighborhood Park,CARMEL VALLEY NP (Undeveloped),Carmel Valley Neighborhood Park,"4468 CARMEL CENTER RD, 92130",San Diego,CA,92130,32.951793880000004,-117.22150218,2.30816072,SEE L1203 ENTRIES,N,CARMEL VALLEY,40.0,0,0,0,0,0,0,0,0,0,0,0,Parks_SD
park,City of San Diego Parks & Recreation,Sage Canyon Neighborhood Park,SAGE CANYON NP,Sage Canyon Neighborhood Park,"5252 Harvest Run Drive, 92130",San Diego,CA,92130,32.92647049,-117.20510653,11.5690439,NONE,N,CARMEL VALLEY,40.0,2,2,2,0,2,2,5,0,1,1,0,Parks_SD
park,City of San Diego Parks & Recreation,Villa Monserate Neighborhood Park,VILLA MONSERATE NP,Villa Monserate Neighborhood Park,"10283 Perez Court, 92124",San Diego,CA,10283,32.83566005,-117.10807229,6.487736330000001,DEDIC PK/OS--ORD.,Y,TIERRASANTA,45.0,2,1,0,0,0,0,0,0,0,0,0,Parks_SD
park,City of San Diego Parks & Recreation,Officer Christopher Wilson Neighborhood Park,CHRISTOPHER WILSON NP,Officer Christopher Wilson Neighborhood Park,"8285 Skyline Dr., 92114",San Diego,CA,92114,32.70446902,-117.04193317,5.346394510000001,DEDIC PK/OS--ORD.,Y,SKYLINE-PARADISE HILLS,43.0,1,1,0,0,0,0,1,0,0,0,0,Parks_SD
park,City of San Diego Parks & Recreation,University Village Neighborhood Park,UNIVERSITY VILLAGE NP,University Village Neighborhood Park,"7150 Florey Street, 92122",San Diego,CA,92122,32.858844080000004,-117.19166211,4.012897420000001,DEDIC PK/OS--ORD.,Y,UNIVERSITY,44.0,0,1,0,0,0,0,0,0,0,0,0,Parks_SD
park,City of San Diego Parks & Recreation,Penasquitos Skate Park,PENASQUITOS SKATE PARK,Penasquitos Skate Park,"10129 CARMEL MOUNTAIN RD, 92129",San Diego,CA,10129,32.96043409,-117.10975466,0.98773726, ,N,RANCHO PEÑASQUITOS,40.0,0,0,0,0,0,0,0,0,0,1,0,Parks_SD
park,City of San Diego Parks & Recreation,Beyer Community Park,BEYER CP (Undeveloped),Beyer Community Park,"2300 E. Beyer Blvd., 92173",San Diego,CA,92173,32.556286189999994,-117.03602188,43.80609265,NONE,N,SAN YSIDRO,42.0,0,0,0,0,0,0,0,0,0,0,0,Parks_SD
park,City of San Diego Parks & Recreation,Plumosa Park,PLUMOSA MP,Plumosa Park,"2676 CHATSWORTH BLVD, 92106",San Diego,CA,92106,32.74441558,-117.22149427,1.09598682,DEDIC PK/OS--ORD.,Y,PENINSULA,45.0,0,0,0,0,0,0,0,0,0,0,0,Parks_SD
park,City of San Diego Parks & Recreation,Palisades South Neighborhood Park,PALISADES SOUTH NP,Palisades South Neighborhood Park,"4918 OCEAN BLVD, 92109",San Diego,CA,92109,32.80237908,-117.25955234,0.50508378, ,N,PACIFIC BEACH,0.0,0,0,0,0,0,0,0,0,0,1,0,Parks_SD
park,City of San Diego Parks & Recreation,La Jolla Hermosa Park,LA JOLLA HERMOSA PARK,La Jolla Hermosa Park,"5788 CHELSEA ST, 92037",San Diego,CA,92037,32.81706998,-117.27275091,0.34912197,DEDIC PK/OS--ORD.,Y,LA JOLLA,0.0,0,0,0,0,0,0,0,0,0,0,0,Parks_SD
park,City of San Diego Parks & Recreation,Encanto Community Park & Recreation Center,ENCANTO CP & REC CENTER,Encanto Community Park & Recreation Center,"6508 Wunderlin Ave., 92114",San Diego,CA,92114,32.71557466,-117.05690957,8.871725190000001,DEDIC PK/OS--ORD.,,ENCANTO,43.0,1,0,1,0,2,0,1,2,0,1,0,Parks_SD
park,City of San Diego Parks & Recreation,Rancho Bernardo Community Park & Recreation Center,RANCHO BERNARDO CP & REC CENTER,Rancho Bernardo Community Park & Recreation Center,"18448 W Bernardo Drive, 92127",San Diego,CA,18448,33.047667190000006,-117.07564525999997,37.49833886,DEDIC PK/OS--ORD.,,RANCHO BERNARDO,40.0,1,1,2,0,6,4,2,6,0,2,0,Parks_SD
park,City of San Diego Parks & Recreation,Emerald Hills Neighborhood Park,EMERALD HILLS NP,Emerald Hills Neighborhood Park,"1501Kelton Rd., 92114",San Diego,CA,92114,32.7217835,-117.07342262,9.66746282,DEDIC PK/OS--ORD.,Y,ENCANTO,43.0,1,1,0,0,0,0,1,2,0,1,0,Parks_SD
park,City of San Diego Parks & Recreation,La Jolla Community Park & Recreation Center,LA JOLLA CP & REC CENTER,La Jolla Community Park & Recreation Center,"615 Prospect Street, 92037",San Diego,CA,92037,32.84277336,-117.27755096,3.91180195,DEDIC PK/OS--ORD.,,LA JOLLA,44.0,3,1,0,0,0,1,2,9,0,0,2,Parks_SD
park,City of San Diego Parks & Recreation,Cabrillo Mini-Park North,CABRILLO N MP,Cabrillo Mini-Park North,"3232 Trumbull Street, 92106",San Diego,CA,92106,32.7227655,-117.23457982,0.22732172,DEDIC PK/OS--ORD.,Y,PENINSULA,45.0,0,0,0,0,0,0,0,0,0,0,0,Parks_SD
park,City of San Diego Parks & Recreation,Miramar Ranch North Park,MIRAMAR RCH NORTH NP,Miramar Ranch North Park,"10481 SCRIPPS POWAY PKWY, 92131",San Diego,CA,10481,32.936653639999996,-117.10255978,4.467422379999999,NONE,N,MIRAMAR RANCH NORTH,40.0,0,0,0,0,0,2,2,0,0,0,0,Parks_SD
park,City of San Diego Parks & Recreation,Tierrasanta Community Park & Recreation Center,TIERRASANTA CP & REC CENTER,Tierrasanta Community Park & Recreation Center,"11220 Clairemont Mesa Bl., 92124",San Diego,CA,11220,32.83090062,-117.08865598,25.16960434,DEDIC PK/OS--ORD.,Y,TIERRASANTA,45.0,1,1,1,0,1,1,2,4,0,1,0,Parks_SD
park,City of San Diego Parks & Recreation,Olive Street Mini-Park,OLIVE ST MP ,Olive Street Mini-Park,"2798 3RD AVE, 92103",San Diego,CA,92103,32.734365669999995,-117.16251204999998,0.74240102, DESIGNATED PARKLAND,N,UPTOWN,41.0,0,0,0,0,0,0,0,0,0,0,0,Parks_SD
park,City of San Diego Parks & Recreation,Charlotte Park,CHARLOTTE PARK (Undeveloped),Charlotte Park,"7962 PRINCESS ST, 92037",San Diego,CA,92037,32.84960264,-117.26388022,0.1604461,SEE L1203 ENTRIES,Y,LA JOLLA,0.0,0,0,0,0,0,0,0,0,0,0,0,Parks_SD
park,City of San Diego Parks & Recreation,30th Street Mini-Park,ISLAND AVE. MP (30TH ST MP),30th Street Mini-Park,"702 S.30TH St., 92113",San Diego,CA,92113,32.710965210000005,-117.12951474,0.22849692,DEDIC PK/OS--ORD.,Y,SOUTHEASTERN SAN DIEGO,42.0,0,1,0,0,0,0,0,0,0,0,0,Parks_SD
park,City of San Diego Parks & Recreation,Berry Neighborhood Park,BERRY NP,Berry Neighborhood Park,"2060 Leon Rd., 92154",San Diego,CA,92154,32.56732237000001,-117.08884454,3.69131117,DEDIC PK/OS--ORD.,Y,OTAY MESA-NESTOR,42.0,0,0,0,0,0,0,0,0,0,0,0,Parks_SD
park,City of San Diego Parks & Recreation,Mandell Weiss Eastgate Neighborhood Park,MANDELL WEISS EASTGATE NP,Mandell Weiss Eastgate Neighborhood Park,"4202 EXECUTIVE DR, 92037",San Diego,CA,92037,32.87581786,-117.21621977,9.75420467,DEDIC PK/OS--ORD.,Y,UNIVERSITY,44.0,1,1,0,0,1,1,0,4,0,0,6,Parks_SD
park,City of San Diego Parks & Recreation,Color Mini-Park,COLOR MP,Color Mini-Park,"1650 Los Altos Road, 92109",San Diego,CA,92109,32.808661969999996,-117.24175541,0.05622221,SEE L1203 ENTRIES,N,PACIFIC BEACH,44.0,0,0,0,0,0,0,0,0,0,0,0,Parks_SD
park,City of San Diego Parks & Recreation,Hickman Field Athletic Area,HICKMAN FIELD PARK,Hickman Field Athletic Area,"6660 Hickman Field Drive, 92111",San Diego,CA,92111,32.83734035,-117.16549533,46.51240649,SEE L1203 ENTRIES,N,KEARNY MESA,44.0,0,0,5,1,4,4,0,0,0,0,0,Parks_SD
park,City of San Diego Parks & Recreation,Union Place Circle Mini-Park,UNION PL CR MP,Union Place Circle Mini-Park,"1250 Park Row Circle, 92101",San Diego,CA,92101,32.846006810000006,-117.27010766,0.15082515,SEE L1203 ENTRIES,Y,LA JOLLA,44.0,0,0,0,0,0,0,0,0,0,0,0,Parks_SD
park,City of San Diego Parks & Recreation,La Paz Mini-Park,LA PAZ MP,La Paz Mini-Park,"5292 LA PAZ DR, 92114",San Diego,CA,92114,32.699634919999994,-117.08066982,0.49819761,NONE,Y,ENCANTO,43.0,1,1,0,0,0,0,0,0,0,0,0,Parks_SD
park,City of San Diego Parks & Recreation,Paradise Hills Community Park & Recreation Center,PARADISE HILLS CP & REC CENTER,Paradise Hills Community Park & Recreation Center,"6610 Potomac St., 92139",San Diego,CA,92139,32.687280009999995,-117.05368021,44.71069277,DEDIC PK/OS--ORD.,Y,SKYLINE-PARADISE HILLS,43.0,1,1,0,0,0,0,1,0,0,1,0,Parks_SD
park,City of San Diego Parks & Recreation,Princess Del Cerro Neighborhood Park,PRINCESS DEL CERRO NP,Princess Del Cerro Neighborhood Park,"6221 WENRICH DR, 92120",San Diego,CA,92120,32.78907221,-117.06755715,5.4520431,DEDIC PK/OS--ORD.,Y,NAVAJO,45.0,1,1,0,0,0,2,1,0,0,0,0,Parks_SD
park,City of San Diego Parks & Recreation,Santa Isabel Mini-Park,SANTA ISABEL MP (Undeveloped),Santa Isabel Mini-Park,"771 SANTA ISABEL DR, 92114",San Diego,CA,92114,32.697766339999994,-117.07907416,0.14559423,SEE L1203 ENTRIES,N,ENCANTO,43.0,0,0,0,0,0,0,0,0,0,0,0,Parks_SD
park,City of San Diego Parks & Recreation,"Allen, Dennis V Neighborhood Park",ALLEN DENNIS V NP,"Allen, Dennis V Neighborhood Park","800 Boundary St., 92102",San Diego,CA,92102,32.7138322,-117.11188982,5.63052529,DEDIC PK/OS--ORD.,Y,SOUTHEASTERN SAN DIEGO,43.0,1,0,0,0,0,0,1,0,0,1,0,Parks_SD
park,City of San Diego Parks & Recreation,Azalea Neighborhood Park & Recreation Center,AZALEA NP & REC CENTER,Azalea Neighborhood Park & Recreation Center,"2596 Violet Ave., 92105",San Diego,CA,92105,32.732128440000004,-117.10845168,9.16811887,UNKNOWN,,MID-CITY: CITY HEIGHTS,41.0,1,1,0,0,0,0,1,0,0,0,0,Parks_SD
park,City of San Diego Parks & Recreation,North Clairemont Community Park & Recreation Center,NORTH CLAIREMONT CP & REC CENTER,North Clairemont Community Park & Recreation Center,"4421 Bannock Avenue, 92117",San Diego,CA,92117,32.83155833,-117.19678184,14.49774928,DEDIC PK/OS--ORD.,Y,CLAIREMONT MESA,44.0,1,1,0,0,0,1,1,1,0,0,4,Parks_SD
park,City of San Diego Parks & Recreation,Del Mar Trails Neighborhood Park,DEL MAR TRAILS NP,Del Mar Trails Neighborhood Park,"4450 DEL MAR TRAILS RD, 92130",San Diego,CA,92130,32.943122,-117.21816121,2.99971134,NONE,N,CARMEL VALLEY,40.0,1,0,0,0,0,0,0,0,0,0,0,Parks_SD
park,City of San Diego Parks & Recreation,Civita Park (Recreation Easement),CIVITA PARK (Recreation Easement),Civita Park (Recreation Easement),"7964 Civita Blvd., 92111",San Diego,CA,92111,,,1.83424386,PARK PER DEED,N,MISSION VALLEY,45.0,0,0,0,0,0,0,0,0,0,0,0,Parks_SD
park,City of San Diego Parks & Recreation,Penasquitos Village Neighborhood Park,PENASQUITOS VILLAGE NP (Undeveloped),Penasquitos Village Neighborhood Park,"10636 CARMEL MOUNTAIN RD, 92129",San Diego,CA,10636,32.9679852,-117.09935169,12.04830195,DEDIC PK/OS--ORD.,Y,RANCHO PEÑASQUITOS,40.0,0,0,0,0,0,0,0,0,0,0,0,Parks_SD
park,City of San Diego Parks & Recreation,Hidden Trails Neighborhood Park,HIDDEN TRAILS NP (Undeveloped),Hidden Trails Neighborhood Park,1049 PARSONS LANDING,San Diego,CA,,32.579196599999996,-117.01995403,3.93726519, ,N,OTAY MESA,42.0,0,0,0,0,0,0,0,0,0,0,0,Parks_SD
park,City of San Diego Parks & Recreation,McAuliffe Community Park,MCAULIFFE SHARON CP (Undeveloped),McAuliffe Community Park,"7540 WINTERWOOD LN, 92126",San Diego,CA,92126,32.9122519,-117.16057086,17.546507490000003,NONE,,MIRA MESA,44.0,0,0,0,0,0,0,0,0,0,0,0,Parks_SD
park,City of San Diego Parks & Recreation,Olive Grove Community Park,OLIVE GROVE CP,Olive Grove Community Park,"6075 Printwood Way, 92117",San Diego,CA,92117,32.82651911,-117.17100333,9.17615677,DEDIC PK/OS--ORD.,Y,CLAIREMONT MESA,44.0,1,0,0,0,2,1,2,0,0,1,2,Parks_SD
park,City of San Diego Parks & Recreation,Adobe Bluffs Neighborhood Park,ADOBE BLUFFS NP,Adobe Bluffs Neighborhood Park,"8805 Gainsborough Avenue, 92129",San Diego,CA,92129,32.97288693,-117.13946638,5.15370251,DEDIC PK/OS--ORD.,Y,RANCHO PEÑASQUITOS,40.0,1,1,0,0,0,1,2,0,0,0,0,Parks_SD
park,City of San Diego Parks & Recreation,Carmel Grove Neighborhood Park,CARMEL GROVE NP,Carmel Grove Neighborhood Park,"3799 Carmel View Road,",San Diego,CA,,32.94185994,-117.23171201,2.79180424,NONE,N,CARMEL VALLEY,40.0,1,0,0,0,0,1,0,0,0,0,0,Parks_SD
park,City of San Diego Parks & Recreation,Teralta Neigborhood Park,TERALTA NP,Teralta Neigborhood Park,"4100 Central Ave., 92105",San Diego,CA,92105,32.75226664,-117.10873926,5.09640761, , ,MID-CITY: CITY HEIGHTS,41.0,1,0,0,0,0,1,0,0,0,1,0,Parks_SD
park,City of San Diego Parks & Recreation,Cuiver Park,CUVIER MP,Cuiver Park,"528 COAST BLVD, 92037",San Diego,CA,92037,32.84364681,-117.27997148,0.61052286, , ,LA JOLLA,0.0,0,0,0,0,0,0,0,0,0,0,0,Parks_SD
park,City of San Diego Parks & Recreation,Colina Del Sol Community Park & Recreation Center,COLINA DEL SOL CP & REC CENTER,Colina Del Sol Community Park & Recreation Center,"4150 54th Place, 92115",San Diego,CA,92115,32.75158415,-117.08146931,31.71782251,DEDIC PK/OS--ORD.,Y,MID-CITY: CITY HEIGHTS,41.0,1,0,0,0,3,1,2,6,0,1,4,Parks_SD
park,City of San Diego Parks & Recreation,Golden Hill Community Park & Recreation Center,GOLDEN HILL CP & REC CENTER,Golden Hill Community Park & Recreation Center,2600 Golf Course Dr. 92102,San Diego,CA,92102,32.720285249999996,-117.13701888,6.31569085,DEDIC PK/OS-ORD,Y,BALBOA PARK,41.0,1,0,0,0,2,1,2,0,0,2,4,Parks_SD
park,City of San Diego Parks & Recreation,Windwood Mini-Park,WINDWOOD NP,Windwood Mini-Park,"12757 CARMEL CREEK RD, 92130",San Diego,CA,12757,32.9482995,-117.22522509,1.17300982,NONE,N,CARMEL VALLEY,40.0,1,0,0,0,0,0,0,0,0,0,0,Parks_SD
park,City of San Diego Parks & Recreation,Hollywood Neighborhood Park,HOLLYWOOD NP,Hollywood Neighborhood Park,"2301 Shamrock St., 92105",San Diego,CA,92105,32.73182932,-117.10360366,14.33888635,DEDIC PK/OS--ORD.,Y,MID-CITY: CITY HEIGHTS,41.0,2,0,0,0,1,0,0,0,0,1,0,Parks_SD
park,City of San Diego Parks & Recreation,Children's Museum Park,CHILDRENS MUSEUM MP,Children's Museum Park,"255 W ISLAND AVE, 92101",San Diego,CA,92101,32.710125479999995,-117.16514364,0.49916746,PARK PER DEED,N,DOWNTOWN,45.0,0,0,0,0,0,0,0,0,0,0,0,Parks_SD
park,City of San Diego Parks & Recreation,Mountain View Neighborhood Park & Recreation Center,MOUNTAIN VIEW NP & REC CENTER,Mountain View Neighborhood Park & Recreation Center,"551 S. 40th St., 92113",San Diego,CA,92113,32.700161189999996,-117.10686753,14.26215738,DEDIC PK/OS--ORD.,Y,SOUTHEASTERN SAN DIEGO,43.0,1,0,0,0,1,1,2,2,0,1,0,Parks_SD
park,City of San Diego Parks & Recreation,Westview Neighborhood Park,WESTVIEW NP,Westview Neighborhood Park,"11278 Westview Parkway, 92126",San Diego,CA,11278,32.92327179,-117.12018495,8.64598944,DEDIC PK/OS--ORD.,Y,MIRA MESA,44.0,1,1,0,0,2,2,0,0,0,1,0,Parks_SD
park,City of San Diego Parks & Recreation,Corte Playa San Juan Mini-Park,CORTE PLAYA SAN JUAN MP,Corte Playa San Juan Mini-Park,"5111 Corte Playa San Juan, 92124",San Diego,CA,92124,32.836244719999996,-117.08184595,0.11312395, ,N,TIERRASANTA,45.0,0,0,0,0,0,0,0,0,0,0,0,Parks_SD
park,City of San Diego Parks & Recreation,Camino Ruiz Neighborhood Park,CAMINO RUIZ NP,Camino Ruiz Neighborhood Park,"11498 Camino Ruiz, 92126",San Diego,CA,11498,32.93414935,-117.14668858,11.14924794,DEDIC PK/OS--ORD.,Y,MIRA MESA,44.0,1,1,2,0,1,1,0,0,0,1,0,Parks_SD
park,City of San Diego Parks & Recreation,Bay Terraces Community Park,BAY TERRACES CP,Bay Terraces Community Park,"7373 Tooma St., 92139",San Diego,CA,92139,32.68050159,-117.03577995,12.03750034,DEDIC PK/OS--ORD.,Y,SKYLINE-PARADISE HILLS,43.0,1,0,0,0,0,1,0,0,0,1,0,Parks_SD
park,City of San Diego Parks & Recreation,G Street Mini-Park,G ST MP,G Street Mini-Park,"302 G ST, 92101",San Diego,CA,92101,32.712792459999996,-117.16191916,0.09995058, , ,DOWNTOWN,45.0,0,0,0,0,0,0,0,0,0,0,0,Parks_SD
park,City of San Diego Parks & Recreation,Ridgewood Neighborhood Park,RIDGEWOOD NP,Ridgewood Neighborhood Park,"12530 LA TORTOLA, 92129",San Diego,CA,12530,32.9459054,-117.11645104,8.33393951,DEDIC PK/OS--ORD.,Y,RANCHO PEÑASQUITOS,40.0,1,1,0,0,0,1,2,0,0,0,0,Parks_SD
park,City of San Diego Parks & Recreation,St. Joseph's Park,ST. JOSEPH'S PARK,St. Joseph's Park,3rd and Ash St.  92101,San Diego,CA,92101,,,0.67695819,DESIGNATED PARKLAND,N,DOWNTOWN,45.0,0,0,0,0,0,0,0,0,0,0,0,Parks_SD
park,City of San Diego Parks & Recreation,Centrum Park,CENTRUM NP,Centrum Park,8650 SPECTRUM CENTER BLVD,San Diego,CA,,32.82774701,-117.139109,2.16294263, ,N,KEARNY MESA,45.0,1,1,0,0,0,0,0,0,0,0,0,Parks_SD
park,City of San Diego Parks & Recreation,Marie Widman Neighborhood Park,MARIE WIDMAN MEMORIAL PARK,Marie Widman Neighborhood Park,"6727 IMPERIAL AVE, 92114",San Diego,CA,92114,32.71054755,-117.05298068,5.01296498,DEDIC PK/OS--ORD.,Y,SKYLINE-PARADISE HILLS,43.0,1,0,0,0,0,0,0,0,0,1,0,Parks_SD
park,City of San Diego Parks & Recreation,Pantoja Neighborhood Park,PANTOJA NP,Pantoja Neighborhood Park,"524 West G Street, 92118",San Diego,CA,92118,32.71309993,-117.167855,2.14841166,DEDIC PK/OS--ORD.,Y,DOWNTOWN,45.0,0,0,0,0,0,0,0,0,0,0,0,Parks_SD
park,City of San Diego Parks & Recreation,Imperial Marketplace,IMPERIAL MARKET PLACE,Imperial Marketplace,"4475 Imperial Ave, 92113",San Diego,CA,92113,32.701956970000005,-117.10026397,11.77245985, ,Y,ENCANTO,43.0,0,0,0,0,0,0,0,0,0,0,0,Parks_SD
park,City of San Diego Parks & Recreation,Ocean Beach Gateway Mini-Park,OCEAN BEACH GATEWAY,Ocean Beach Gateway Mini-Park,"2300 SUNSET CLIFFS BLVD, 92107",San Diego,CA,92107,32.751285839999994,-117.24227933,0.21608061,NONE,N,OCEAN BEACH,45.0,0,0,0,0,0,0,0,0,0,0,0,Parks_SD
park,City of San Diego Parks & Recreation,Mission Bay Park,MISSION BAY PARK,Mission Bay Park,"2682 INGRAHAM ST, 92109",San Diego,CA,92109,32.77490061,-117.22937946,4109.147682350001,DEDIC PK/OS--ORD.,Y,MISSION BAY PARK,0.0,11,0,0,0,0,0,4,1,7,28,0,Parks_SD
park,City of San Diego Parks & Recreation,Civita Creekside Park (Re. Ease).,CIVITA CREEKSIDE PARK (Rec. Ease.),Civita Creekside Park (Re. Ease).,"7964 Civita Blvd., 92111",San Diego,CA,92111,,,1.36594172,PARK PER DEED,N,MISSION VALLEY,45.0,0,1,0,0,0,0,0,0,0,0,0,Parks_SD
park,City of San Diego Parks & Recreation,Antigua Pocket Park,ANTIGUA POCKET NP,Antigua Pocket Park,"5699 Antigua Blvd., 92124",San Diego,CA,92124,32.833240839999995,-117.10544256,6.02438472, ,Y,TIERRASANTA,45.0,0,0,0,0,0,0,0,0,0,0,0,Parks_SD
park,City of San Diego Parks & Recreation,Villa Norte Neighborhood Park,VILLA NORTE NP,Villa Norte Neighborhood Park,"6597 Antigua Blvd., 92124",San Diego,CA,92124,32.836431989999994,-117.08867385,5.23700894,DEDIC PK/OS--ORD.,Y,TIERRASANTA,45.0,1,1,0,0,0,0,0,0,0,0,0,Parks_SD
park,City of San Diego Parks & Recreation,Jerabek Neighborhood Park,JERABEK NP,Jerabek Neighborhood Park,"10150 Avenida Magnifica, 92131",San Diego,CA,10150,32.91083992,-117.08228535,9.6829718,DEDIC PK/OS--ORD.,Y,SCRIPPS MIRAMAR RANCH,40.0,1,1,0,0,2,1,1,2,0,1,2,Parks_SD
park,City of San Diego Parks & Recreation,Park De La Cruz Neighborhood Park & Recreation Center,PARK DE LA CRUZ NP & REC CENTER,Park De La Cruz Neighborhood Park & Recreation Center,"3901 Landis St., 92105",San Diego,CA,92105,32.7451278,-117.11096386,6.9378854,SEE L1203 ENTRIES,,MID-CITY: CITY HEIGHTS,41.0,0,1,0,0,1,0,0,0,0,0,2,Parks_SD
park,City of San Diego Parks & Recreation,Mira Mesa Community Park & Recreation Center,MIRA MESA CP & REC CENTER,Mira Mesa Community Park & Recreation Center,"8575 New Salem Street, 92126",San Diego,CA,92126,32.91424637,-117.14034716,29.182263220000003,VOTER RATIF. REQ'D,Y,MIRA MESA,44.0,2,1,3,1,4,2,2,0,0,1,0,Parks_SD
park,City of San Diego Parks & Recreation,Torrey Highlands Neighborhood Park,TORREY HIGHLANDS NP,Torrey Highlands Neighborhood Park,"4450 Lansdale Dr., 92130",San Diego,CA,92130,32.9604004,-117.22224016,10.17326659,DESIGNATED PARKLAND,Y,CARMEL VALLEY,40.0,1,1,0,0,0,0,0,0,0,1,0,Parks_SD
park,City of San Diego Parks & Recreation,Southwest Neighborhood Park,SOUTHWEST NP (Undeveloped),Southwest Neighborhood Park,"1416 27TH SB ST, 92154",San Diego,CA,92154,32.57169344,-117.07696543,11.52857936,DEDIC PK/OS--ORD.,Y,OTAY MESA-NESTOR,42.0,0,0,0,0,0,0,0,0,0,0,0,Parks_SD
park,City of San Diego Parks & Recreation,Mount Hope Cemetery,MT HOPE CEMETERY,Mount Hope Cemetery,"3700 Imperial Ave, 92113",San Diego,CA,92113,32.70818622,-117.11291651,108.7110699,DEDIC PK/OS-ORD,Y,ENCANTO,43.0,0,0,0,0,0,0,0,0,0,0,0,Parks_SD
park,City of San Diego Parks & Recreation,Via Playa Los Santos Mini-Park,VIA PLAYA LOS SANTOS MP,Via Playa Los Santos Mini-Park,"5112 Via Playa Los Santos, 92124",San Diego,CA,92124,32.83647925,-117.07876426,0.44782655, ,Y,TIERRASANTA,45.0,0,0,0,0,0,0,0,0,0,0,0,Parks_SD
park,City of San Diego Parks & Recreation,Salk Neighborhood Park ,SALK NP & JOINT USE,Salk Neighborhood Park ,Parkdale Ave. at Salk Elem.,San Diego,CA,,,,6.30264914,MULTIPLE,N,MIRA MESA,44.0,0,0,0,0,0,0,0,0,0,0,0,Parks_SD
park,City of San Diego Parks & Recreation,Ocean Air Community Park & Recreation Center,OCEAN AIR CP & REC CENTER,Ocean Air Community Park & Recreation Center,"4770 Fairport Ave, 92130",San Diego,CA,92130,32.927846259999995,-117.21698675,18.63956961, DESIGNATED PARKLAND,N,CARMEL VALLEY,40.0,1,1,0,0,2,2,1,0,0,1,0,Parks_SD
park,City of San Diego Parks & Recreation,Kensington Park,KENSINGTON NP,Kensington Park,"4121 Adams Ave., 92116",San Diego,CA,92116,32.76300327,-117.10682979,0.45410315,UNKNOWN,N,MID-CITY: KENSINGTON-TALM,41.0,1,0,0,0,0,0,0,0,0,0,0,Parks_SD
park,City of San Diego Parks & Recreation,Kellogg Park,KELLOGG NP,Kellogg Park,"8300 CAM DEL ORO, 92037",San Diego,CA,92037,32.85736634,-117.25657405,8.02489148,DEDIC PK/OS--ORD.,Y,LA JOLLA,0.0,1,0,0,0,0,0,0,0,0,2,0,Parks_SD
park,City of San Diego Parks & Recreation,Southcrest Community Park & Recreation Center,SOUTHCREST CP & REC CENTER,Southcrest Community Park & Recreation Center,"1297 S 40TH ST, 92113",San Diego,CA,92113,32.69337886,-117.10559654,17.49087063,DEDIC PK/OS--ORD.,Y,SOUTHEASTERN SAN DIEGO,43.0,1,1,0,0,2,1,1,0,0,1,0,Parks_SD
park,City of San Diego Parks & Recreation,Children's Park,CHILDRENS PARK,Children's Park,"155 W ISLAND AVE, 92101",San Diego,CA,92101,32.70981509,-117.16429455,1.94017884,NONE,N,DOWNTOWN,45.0,1,1,0,0,0,0,0,0,0,1,0,Parks_SD
park,City of San Diego Parks & Recreation,Butterfly Mini-Park,BUTTERFLY MP,Butterfly Mini-Park,"11885 Cypress Canyon Rd., 92131",San Diego,CA,11885,32.932789979999995,-117.08346013,3.0874718, ,N,MIRAMAR RANCH NORTH,40.0,0,0,0,0,0,0,0,0,0,0,0,Parks_SD
park,City of San Diego Parks & Recreation,Pearlman Mini-Park,PEARLMAN MP,Pearlman Mini-Park,"5404 Carmel Knolls Dr., 92130",San Diego,CA,92130,32.95440126,-117.20548738,0.32183315, ,Y,CARMEL VALLEY,40.0,1,0,0,0,0,0,0,0,0,0,0,Parks_SD
park,City of San Diego Parks & Recreation,Grantville Neighborhood Park,GRANTVILLE NP,Grantville Neighborhood Park,"4645 VANDEVER AVE, 92120",San Diego,CA,92120,32.78728503,-117.09491909,2.51501236,DEDIC PK/OS--ORD.,Y,NAVAJO,45.0,2,1,0,0,0,0,0,0,0,0,0,Parks_SD
park,City of San Diego Parks & Recreation,Kearny Mesa Community Park & Recreation Center,KEARNY MESA CP & REC CENTER,Kearny Mesa Community Park & Recreation Center,"3170 Armstrong Street, 92111",San Diego,CA,92111,32.80089563,-117.16860295,83.94211704,DEDIC PK/OS--ORD.,Y,LINDA VISTA,45.0,1,1,4,0,2,2,2,0,0,2,4,Parks_SD
park,City of San Diego Parks & Recreation,Sherman Mini-Park,SHERMAN MP,Sherman Mini-Park,"2218 Island Ave, San Diego, CA 92102",San Diego,CA,92102,32.71070943,-117.14345082,0.11699901,DEDIC PK/OS--ORD.,Y,SOUTHEASTERN SAN DIEGO,42.0,0,0,0,0,0,0,0,0,0,0,0,Parks_SD
park,City of San Diego Parks & Recreation,Ellen Browning Scripps Neighborhood Park,"SCRIPPS, ELLEN B NP",Ellen Browning Scripps Neighborhood Park,"1146 COAST BLVD, 92037",San Diego,CA,92037,32.84982574,-117.27435961,5.26191495,DEDIC PK/OS--ORD.,Y,LA JOLLA,0.0,0,0,0,0,0,0,0,0,0,1,0,Parks_SD
park,City of San Diego Parks & Recreation,Pacific Beach Park,PACIFIC BEACH REGIONAL PARK,Pacific Beach Park,"4507 OCEAN BLVD, 92109",San Diego,CA,92109,32.794056999999995,-117.2563306,10.534702,DEDIC PK/OS--ORD.,Y,PACIFIC BEACH,0.0,0,0,0,0,0,0,0,0,0,2,0,Parks_SD
park,City of San Diego Parks & Recreation,Collier Neighborhood Park,COLLIER NP,Collier Neighborhood Park,"2351 Soto Street, 92107",San Diego,CA,92107,32.747546310000004,-117.23524637,5.69967294,DEDIC PK/OS--ORD.,Y,PENINSULA,45.0,0,0,0,0,0,0,0,0,0,0,0,Parks_SD
park,City of San Diego Parks & Recreation,Cedar Ridge Mini-Park,CEDAR RIDGE MP,Cedar Ridge Mini-Park,"1702 Pentuckett Ave., 92104",San Diego,CA,92104,32.722573819999994,-117.11840288,0.2745025, ,Y,NORTH PARK,41.0,1,0,0,0,0,0,0,0,0,0,0,Parks_SD
park,City of San Diego Parks & Recreation,Mission Bay Athletic Area,MISSION BAY ATHLETIC AREA,Mission Bay Athletic Area,"2639 Grand Avenue, 92109",San Diego,CA,92109,32.8010048,-117.220423,10.51217005, ,Y,MISSION BAY PARK,44.0,1,0,3,0,1,0,1,8,0,1,8,Parks_SD
park,City of San Diego Parks & Recreation,Balboa Park,BALBOA PARK,Balboa Park,"2125 Park Boulevard, 92101",San Diego,CA,92101,32.73157694,-117.14580944,1093.57715266,DEDIC PK/OS--ORD.,Y,BALBOA PARK,0.0,5,3,1,1,3,2,0,25,0,10,0,Parks_SD
park,City of San Diego Parks & Recreation,East Gate Mini-Park #1,EAST GATE MP #1,East Gate Mini-Park #1,"9639 TOWNE CENTRE DR, 92121",San Diego,CA,92121,32.8834007,-117.20781946,0.8049439, ,N,UNIVERSITY CITY,44.0,0,0,0,0,0,0,0,0,0,0,0,Parks_SD
park,City of San Diego Parks & Recreation,Ashley Falls Neighborhood Park,ASHLEY FALLS NP,Ashley Falls Neighborhood Park,"13030 Ashley Falls Drive., 92130",San Diego,CA,13030,32.95739477,-117.20922243,11.66044156,DEDIC PK/OS--ORD.,Y,CARMEL VALLEY,40.0,2,2,0,0,2,2,3,0,1,1,0,Parks_SD
park,City of San Diego Parks & Recreation,Mount Acadia Neighborhood Park,MT ACADIA NP,Mount Acadia Neighborhood Park,"3865 Mt Acadia Boulevard, 92111",San Diego,CA,92111,32.8123258,-117.18026292,7.64283918,DEDIC PK/OS--ORD.,Y,CLAIREMONT MESA,44.0,1,1,0,0,2,0,0,0,0,1,0,Parks_SD
park,City of San Diego Parks & Recreation,Twin Trails Neighborhood Park,TWIN TRAILS NP,Twin Trails Neighborhood Park,"8900 Twin Trails Drive, 92129",San Diego,CA,92129,32.95893647,-117.13430154,6.69329697,DEDIC PK/OS--ORD.,Y,RANCHO PEÑASQUITOS,40.0,1,1,1,0,0,1,1,0,1,0,0,Parks_SD
park,City of San Diego Parks & Recreation,El Campo Santo Neighborhood Park,EL CAMPO SANTO ,El Campo Santo Neighborhood Park,"2410 San Diego Avenue, 92110",San Diego,CA,92110,32.751608000000004,-117.19320542,0.27577106,SEE L1203 ENTRIES,N,OLD TOWN SAN DIEGO,41.0,0,0,0,0,0,0,0,0,0,0,0,Parks_SD
park,City of San Diego Parks & Recreation,Sunset Cliffs Natural Park,SUNSET CLIFFS NATURAL PARK,Sunset Cliffs Natural Park,"700 SUNSET CLIFFS BLVD, 92107",San Diego,CA,92107,32.719513899999995,-117.25479593,67.1093743,DEDIC PK/OS--ORD.,Y,PENINSULA,0.0,0,0,0,0,0,0,0,0,0,0,0,Parks_SD
park,City of San Diego Parks & Recreation,Civita Franklin Ridge Park,FRANKLIN RIDGE PARK,Civita Franklin Ridge Park,2690 1/3 Franklin Ridge Road,San Diego,CA,,32.782284000000004,-117.143052,0.2,,,MISSION VALLEY,45.0,0,0,0,0,0,0,0,0,0,0,0,Parks_SD
park,City of San Diego Parks & Recreation,Cliffridge Neighborhood Park,CLIFFRIDGE NP,Cliffridge Neighborhood Park,"8301 CLIFFRIDGE AVE, 92037",San Diego,CA,92037,32.857647539999995,-117.24439308,10.72216642,DEDIC PK/OS--ORD.,Y,LA JOLLA,44.0,0,0,3,1,0,1,0,0,0,1,0,Parks_SD
park,City of San Diego Parks & Recreation,Kenmore Terrace Mini-Park,KENMORE TERRACE MP,Kenmore Terrace Mini-Park,"4842 Kenmore Terrace, 92103",San Diego,CA,92103,32.76639814,-117.12721954,0.15019002,DEDIC PK/OS--ORD.,,MID-CITY: NORMAL HEIGHTS,41.0,0,0,0,0,0,0,0,0,0,0,0,Parks_SD
park,City of San Diego Parks & Recreation,San Ysidro Community Park,SAN YSIDRO CP,San Ysidro Community Park,"247 E PARK AVE, 92173",San Diego,CA,92173,32.55481459,-117.04429869,2.87903898,MULTIPLE,Y,SAN YSIDRO,42.0,1,1,0,0,0,0,2,2,0,0,0,Parks_SD
park,City of San Diego Parks & Recreation,Coast View Mini-Park (Rec. Ease.),COAST VIEW MP (Rec. Ease.),Coast View Mini-Park (Rec. Ease.),"10590 West Ocean Air Drive, 92130",San Diego,CA,10590,32.91082885,-117.22498713,1.57345616,PARK PER DEED,N,TORREY HILLS,40.0,1,0,0,0,0,0,0,0,0,0,0,Parks_SD
park,City of San Diego Parks & Recreation,Naval Training Center Park,NAVAL TRAINING CENTER PARK,Naval Training Center Park,"2750 Womble Rd, 92106",San Diego,CA,92106,32.73482402,-117.2125375,50.10903171,SEE L1203 ENTRIES,N,PENINSULA,45.0,1,1,0,0,0,1,1,0,0,3,0,Parks_SD
park,City of San Diego Parks & Recreation,Standley Community Park & Recreation Center,STANDLEY CP & REC CENTER,Standley Community Park & Recreation Center,"3547 GOVERNOR DR, 92122",San Diego,CA,92122,32.84961707,-117.21016789,20.72172415,DEDIC PK/OS--ORD.,Y,UNIVERSITY,44.0,1,1,0,0,0,0,1,6,0,0,2,Parks_SD
park,City of San Diego Parks & Recreation,Memorial Community Park & Recreation Center,MEMORIAL CP & REC CENTER,Memorial Community Park & Recreation Center,"2947 OCEAN VIEW BLVD, 92113",San Diego,CA,92113,32.69935785,-117.13065761,17.9766662,DEDIC PK/OS--ORD.,Y,SOUTHEASTERN SAN DIEGO,42.0,2,1,1,0,2,2,0,0,0,1,0,Parks_SD
park,City of San Diego Parks & Recreation,Bill Cleator Community Park,BILL CLEATOR CP,Bill Cleator Community Park,"4412 NIMITZ BLVD, 92107",San Diego,CA,92107,32.74739599,-117.23317458,16.7459438,DEDIC PK/OS--ORD.,,PENINSULA,45.0,1,0,0,1,3,2,0,0,0,1,0,Parks_SD
park,City of San Diego Parks & Recreation,Sunshine Berardini Field,SUNSHINE BERARDINI FIELD,Sunshine Berardini Field,"4416 FEDERAL BLVD, 92102",San Diego,CA,92102,32.72357267,-117.09779338,39.54995341,DEDIC PK/OS--ORD.,Y,MID-CITY: CITY HEIGHTS,41.0,0,0,3,0,0,0,0,0,0,1,0,Parks_SD
park,City of San Diego Parks & Recreation,Wabash Neighborhood Park,WABASH NP,Wabash Neighborhood Park,"3356 UNIVERSITY AVE, 92104",San Diego,CA,92104,32.749606310000004,-117.12073742,0.13111578,SEE L1203 ENTRIES,Y,MID-CITY: CITY HEIGHTS,41.0,0,0,0,0,0,0,0,0,0,0,0,Parks_SD
park,City of San Diego Parks & Recreation,Tweet Street Mini-Park,TWEET ST MP,Tweet Street Mini-Park,"1696 8TH AVE, 92101",San Diego,CA,92101,32.723111540000005,-117.15707629,0.4693771, , ,DOWNTOWN,45.0,0,1,0,0,0,0,0,0,0,0,0,Parks_SD
park,City of San Diego Parks & Recreation,Forrest View Mini-Park,FORESTVIEW MP,Forrest View Mini-Park,"11201 Forestview Lane, 92131",San Diego,CA,11201,32.91282442,-117.09065895,0.32810809,DEDIC PK/OS--ORD.,Y,SCRIPPS MIRAMAR RANCH,40.0,1,0,0,0,0,0,0,0,0,0,0,Parks_SD
park,City of San Diego Parks & Recreation,Lomita Neighborhood Park,LOMITA NP,Lomita Neighborhood Park,"8205 Leucadia St., 92114",San Diego,CA,92114,32.7097615,-117.02811288,4.14130427,DEDIC PK/OS--ORD.,Y,SKYLINE-PARADISE HILLS,43.0,1,0,0,0,0,0,1,0,0,0,0,Parks_SD
park,City of San Diego Parks & Recreation,Z Street Mini-Park,Z ST MP (Undeveloped),Z Street Mini-Park,"3944 Z ST, 92113",San Diego,CA,92113,32.69328321,-117.10946257,0.36595527,NONE,N,SOUTHEASTERN SAN DIEGO,43.0,0,0,0,0,0,0,0,0,0,0,0,Parks_SD
park,City of San Diego Parks & Recreation,Carmel Valley Community Park & Recreation Center,CARMEL VALLEY CP & RC CENTER,Carmel Valley Community Park & Recreation Center,"3751 TOWNSGATE DR, 92130",San Diego,CA,92130,32.9481641,-117.2339367,18.72477147,DEDIC PK/OS--ORD.,Y,CARMEL VALLEY,40.0,2,0,0,0,2,2,2,4,0,1,0,Parks_SD
park,City of San Diego Parks & Recreation,Maddox Neighborhood Park,MADDOX NP,Maddox Neighborhood Park,"7793 FLANDERS DR, 92126",San Diego,CA,92126,32.906692639999996,-117.15687711,4.82311617,UNKNOWN,Y,MIRA MESA,44.0,1,0,0,0,0,0,0,0,0,0,0,Parks_SD
park,City of San Diego Parks & Recreation,Grant Hill Neighborhood Park,GRANT HILL NP,Grant Hill Neighborhood Park,"2632 J ST, 92102",San Diego,CA,92102,32.70970335,-117.13718071,2.64806007,DEDIC PK/OS--ORD.,Y,SOUTHEASTERN SAN DIEGO,42.0,1,0,0,0,0,0,1,0,0,0,0,Parks_SD
park,City of San Diego Parks & Recreation,La Jolla Shores Beach,LA JOLLA SHORES BEACH,La Jolla Shores Beach,La Jolla Shores Beach,San Diego,CA,,,,6.76921883,DEDIC PK/OS-ORD,Y,LA JOLLA,0.0,0,0,0,0,0,0,0,0,3,0,0,Parks_SD
park,City of San Diego Parks & Recreation,Civita Park,CIVITA PARK,Civita Park,"7964 Civita Blvd., 92111",San Diego,CA,92111,,,12.53241174,PARK PER DEED,N,MISSION VALLEY,45.0,1,1,0,0,0,1,0,0,0,1,0,Parks_SD
park,City of San Diego Parks & Recreation,Penasquitos Creek Neighborhood Park,PENASQUITOS CREEK NP,Penasquitos Creek Neighborhood Park,"8021 Park Village Rd., 92129",San Diego,CA,92129,32.93954817,-117.15136773,6.11662456,DEDIC PK/OS--ORD.,Y,RANCHO PEÑASQUITOS,40.0,1,1,0,0,0,1,1,0,0,0,2,Parks_SD
park,City of San Diego Parks & Recreation,Sabre Springs Neighborhood Park,SABRE SPRINGS NP,Sabre Springs Neighborhood Park,"12953 Sabre Springs Parkway, 92128",San Diego,CA,12953,32.95088078,-117.09629427,11.73331719,DEDIC PK/OS--ORD.,Y,SABRE SPRINGS,40.0,1,1,1,0,1,1,0,0,0,1,0,Parks_SD
park,City of San Diego Parks & Recreation,Willie Henderson Sports Complex & Recreation Center,HENDERSON SPORT CPLX & REC CENTER,Willie Henderson Sports Complex & Recreation Center,"1092 S 45TH ST, 92113",San Diego,CA,92113,32.69474691,-117.09673547,16.90913508,DEDIC PK/OS--ORD.,Y,SOUTHEASTERN SAN DIEGO,43.0,2,0,0,0,4,2,2,0,0,1,0,Parks_SD
park,City of San Diego Parks & Recreation,Edward Tyler Cramer Neighborhood Park,EDWARD TYLER CRAMER NP,Edward Tyler Cramer Neighborhood Park,5961 Linda Vista Blvd.  92111,San Diego,CA,92111,32.770952519999994,-117.18451637,2.98030857,NONE,N,LINDA VISTA,45.0,0,1,0,0,0,0,0,0,0,0,0,Parks_SD
park,City of San Diego Parks & Recreation,MacDowell Neighborhood Park,MAC DOWELL NP,MacDowell Neighborhood Park,"5173 ARVINELS AVE, 92117",San Diego,CA,92117,32.83944228,-117.17452877,3.16052917,DEDIC PK/OS--ORD.,Y,CLAIREMONT MESA,44.0,1,0,0,0,0,0,0,0,0,0,0,Parks_SD
park,City of San Diego Parks & Recreation,Riviera Del Sol Neighborhood Park,RIVIERA DEL SOL NP,Riviera Del Sol Neighborhood Park,"4524 RIVIERA SHORES ST, 92154",San Diego,CA,92154,32.57142854,-117.03677457,4.89316811,DESIGNATED PARKLAND,N,OTAY MESA,42.0,0,0,0,0,0,0,0,0,0,0,0,Parks_SD
park,City of San Diego Parks & Recreation,Fairbrook Neighborhood Park,FAIRBROOK NP,Fairbrook Neighborhood Park,Fiarbrook Rd. and Rue Fontenay  92131,San Diego,CA,92131,32.90552221,-117.07245504,3.40925925,DESIGNATED PARKLAND,N,SCRIPPS MIRAMAR RANCH,40.0,1,1,0,0,0,0,0,0,0,1,1,Parks_SD
park,City of San Diego Parks & Recreation,Chollas Community Park,CHOLLAS CP,Chollas Community Park,"6350 College Grove Dr., 92105",San Diego,CA,92105,32.73479757,-117.06764563,278.91965663,DEDIC PK/OS--ORD.,,MID-CITY: EASTERN AREA,0.0,0,0,3,0,1,1,0,0,0,1,0,Parks_SD
park,City of San Diego Parks & Recreation,Rolling Hills Neighborhood Park,ROLLING HILLS NP,Rolling Hills Neighborhood Park,"11082 Carlota, 92129",San Diego,CA,11082,32.99171905,-117.09178199,5.73346555,MULTIPLE,Y,RANCHO PEÑASQUITOS,40.0,1,1,0,0,1,1,1,0,0,0,0,Parks_SD
park,City of San Diego Parks & Recreation,Scripps Ranch Community Park & Recreation Center,SCRIPPS RCH CP & REC CENTER,Scripps Ranch Community Park & Recreation Center,"11424 BLUE CYPRESS DR, 92131",San Diego,CA,11424,32.9277092,-117.07977638,22.215449359999997,NONE,N,MIRAMAR RANCH NORTH,40.0,1,1,0,3,0,3,2,0,0,1,2,Parks_SD
park,City of San Diego Parks & Recreation,Chollas Lake Regional Park,CHOLLAS LAKE REGIONAL PARK,Chollas Lake Regional Park,"6350 College Grove Dr., 92105",San Diego,CA,92105,32.73479757,-117.06764563,62.9942515,DEDIC PK/OS--ORD.,Y,MID-CITY: EASTERN AREA,0.0,2,0,0,0,0,0,0,0,0,1,0,Parks_SD
park,City of San Diego Parks & Recreation,Palisades North Neighborhood Park,PALISADES NORTH NP (Undeveloped),Palisades North Neighborhood Park,"4937 OCEAN BLVD, 92109",San Diego,CA,92109,32.80383779,-117.26002739,0.64969872,DEDIC PK/OS--ORD.,Y,PACIFIC BEACH,0.0,0,0,0,0,0,0,0,0,0,0,0,Parks_SD
park,City of San Diego Parks & Recreation,Highland Ranch Neighborhood Park,HIGHLAND RANCH NP,Highland Ranch Neighborhood Park,"12140 Eastbourne Road, 92128",San Diego,CA,12140,32.98243635,-117.072359,4.76257182,SEE L1203 ENTRIES,Y,CARMEL MOUNTAIN RANCH,40.0,1,1,1,0,0,0,0,0,0,1,0,Parks_SD
park,City of San Diego Parks & Recreation,South Village Neighborhood Park,SOUTH VILLAGE NP,South Village Neighborhood Park,"9353 Oviedo Street, 92129",San Diego,CA,92129,32.99486917,-117.16173402,4.36785744,SEE L1203 ENTRIES,N,BLACK MOUNTAIN RANCH,40.0,1,0,0,0,0,1,1,0,0,1,0,Parks_SD
park,City of San Diego Parks & Recreation,Cypress Valley Mini-Park,CYPRESS VALLEY MP,Cypress Valley Mini-Park,"11871 Stonedale Ct., 92131",San Diego,CA,11871,32.923738459999996,-117.07467528,1.03691797, ,Y,MIRAMAR RANCH NORTH,40.0,1,0,0,0,0,0,0,0,0,0,0,Parks_SD
park,City of San Diego Parks & Recreation,Keiller Neighborhood Park,KEILLER NP,Keiller Neighborhood Park,"7400 Lisbon St., 92114",San Diego,CA,92114,32.7133804,-117.04140611,5.67166097,DEDIC PK/OS--ORD.,Y,SKYLINE-PARADISE HILLS,43.0,0,1,0,0,2,1,0,0,0,1,0,Parks_SD
park,City of San Diego Parks & Recreation,Ocean Beach Community Park,OCEAN BEACH CP,Ocean Beach Community Park,"1984 EBERS ST, 92107",San Diego,CA,92107,32.74508985,-117.24517795,1.28509284,DEDIC PK/OS--ORD.,Y,OCEAN BEACH,45.0,0,1,0,0,0,0,1,0,0,0,0,Parks_SD
park,City of San Diego Parks & Recreation,Allied Gardens Community Park & Recreation Center,ALLIED GARDENS CP & REC CENTER,Allied Gardens Community Park & Recreation Center,"5155 Greenbrier Ave., 92120",San Diego,CA,92120,32.79505977,-117.08102646,13.80595869,DEDIC PK/OS--ORD.,Y,NAVAJO,45.0,1,1,0,0,0,0,2,0,0,0,0,Parks_SD
park,City of San Diego Parks & Recreation,Carmel Del Mar Neighborhood Park,CARMEL DEL MAR NP,Carmel Del Mar Neighborhood Park,"12345 Carmel Park Drive, 92103",San Diego,CA,12345,32.94042097,-117.22782641,12.48529652,DEDIC PK/OS--ORD.,Y,CARMEL VALLEY,40.0,1,1,1,0,1,1,2,0,0,1,0,Parks_SD
park,City of San Diego Parks & Recreation,Carmel Mission Neighborhood Park,CARMEL MISSION NP,Carmel Mission Neighborhood Park,"12281 CARMEL COUNTRY RD, 92130",San Diego,CA,12281,32.94756246,-117.22161146,4.81441466,DEDIC PK/OS-ORD,Y,CARMEL VALLEY,40.0,0,0,0,0,0,0,0,0,0,0,0,Parks_SD
park,City of San Diego Parks & Recreation,City Heights Square Mini Park,CITY HIEGHTS SQUARE MINI PARK,City Heights Square Mini Park,"43rd Street, 4000 block  92105",San Diego,CA,92105,,,0.12278471,DESIGNATED PARKLAND,N,CITY HEIGHTS,41.0,0,0,0,0,0,0,0,0,0,0,0,Parks_SD
park,City of San Diego Parks & Recreation,Canyon View Mini-Park,CANYON VIEW POCKET MP,Canyon View Mini-Park,"11724 Spring Canyon Rd., 92131",San Diego,CA,11724,32.92404791,-117.07858731,1.49894892,NONE,N,MIRAMAR RANCH NORTH,40.0,0,0,0,0,0,0,0,0,0,0,0,Parks_SD
park,City of San Diego Parks & Recreation,East Village Green Park,EAST VILLAGE GREEN PARK,East Village Green Park,14th and G Streets  92101,San Diego,CA,92101,,,1.37743874,DESIGNATED PARKLAND,N,DOWNTOWN,45.0,0,0,0,0,0,0,0,0,0,0,0,Parks_SD
park,City of San Diego Parks & Recreation,Dennery Ranch Neighborhood Park,DENNERY RANCH NP (Undeveloped),Dennery Ranch Neighborhood Park,,San Diego,CA,,32.5901748,-117.02480811,9.21,PARK PER DEED,N,OTAY MESA,42.0,0,0,0,0,0,0,0,0,0,0,0,Parks_SD
park,City of San Diego Parks & Recreation,Sycamore Canyon Neighborhood Park,SYCAMORE CANYON NP,Sycamore Canyon Neighborhood Park,13745 Stonebridge Parkway,San Diego,CA,13745,32.921771,117.039235,8.54345784,DESIGNATED PARKLAND,N,RANCHO ENCANTADA,40.0,1,1,0,0,2,1,0,0,0,1,0,Parks_SD
park,City of San Diego Parks & Recreation,Piazza Famigilia,PIAZZA FAMIGILIA,Piazza Famigilia,Date St. btwn. India & Hawthorn,San Diego,CA,,,,0.2353616,,,DOWNTOWN,45.0,0,0,0,0,0,0,0,0,0,0,0,Parks_SD
park,City of San Diego Parks & Recreation,Kelly Street Neighborhood Park,KELLY STREET NP,Kelly Street Neighborhood Park,"6640 Kelly Street, 92111",San Diego,CA,92111,32.7828213,-117.17803116,17.00176973,MULTIPLE,Y,LINDA VISTA,45.0,1,0,0,0,0,0,0,0,0,1,0,Parks_SD
park,City of San Diego Parks & Recreation,Winterwood Lane Neighborhood Park,WINTERWOOD LANE NP,Winterwood Lane Neighborhood Park,"7540 WINTERWOOD LN, 92126",San Diego,CA,92126,32.91452526,-117.16001861,4.36422534,DEDIC PK/OS--ORD.,Y,MIRA MESA,44.0,1,1,0,0,0,0,0,0,0,0,0,Parks_SD
park,City of San Diego Parks & Recreation,Dailard Neighborhood Park,DAILARD NP,Dailard Neighborhood Park,"6391 Cibola Rd, 92120",San Diego,CA,92120,32.80686883,-117.05366622,4.60274754,DEDIC PK/OS--ORD.,Y,NAVAJO,45.0,2,0,0,0,0,0,0,0,0,0,0,Parks_SD
park,City of San Diego Parks & Recreation,Carmel Knolls Neighborhood Park,CARMEL KNOLLS NP,Carmel Knolls Neighborhood Park,"4850 Carmel Knolls Dr., 92130",San Diego,CA,92130,32.950494410000005,-117.21402926,5.44317986, ,Y,CARMEL VALLEY,40.0,1,1,0,0,0,1,0,0,0,0,0,Parks_SD
park,City of San Diego Parks & Recreation,San Ysidro Mini-Park,FIREHOUSE MINI PARK,San Ysidro Mini-Park,179 W. San Ysidro Blvd.,San Diego,CA,,32.55374993,-117.04712072,0.35492208,DESIGNATED PARKLAND,N,SAN YSIDRO,42.0,0,0,0,0,0,0,0,0,0,0,0,Parks_SD
park,City of San Diego Parks & Recreation,Clay Neighborhood Park,CLAY NP,Clay Neighborhood Park,"4768 SEMINOLE DR, 92115",San Diego,CA,92115,32.76294724,-117.06021048,2.40748111,DEDIC PK/OS--ORD.,Y,MID-CITY: EASTERN AREA,41.0,1,1,0,0,0,0,1,0,0,0,0,Parks_SD
park,City of San Diego Parks & Recreation,Presidio Community Park,PRESIDIO PARK (41-Rec. Ctr. & Ballfield),Presidio Community Park,"2805 PRESIDIO DR, 92110",San Diego,CA,92110,32.75795874,-117.19388052,61.34846202,DEDIC PK/OS--ORD.,,OLD TOWN SAN DIEGO,41.0,0,0,0,0,1,0,1,0,0,2,0,Parks_SD
park,City of San Diego Parks & Recreation,Corridor Neighborhood Park,CORRIDOR NP,Corridor Neighborhood Park,"4004 DEL MAR TRAILS RD, 92130",San Diego,CA,92130,32.94335494,-117.22658413,3.59415751, ,Y,CARMEL VALLEY,40.0,0,0,0,0,0,0,0,0,0,0,0,Parks_SD
